episodes,requested_episodes,successes,total_success_rate,batch_success_rate,rolling_success_rate,rolling_window_episodes,endpoint_successes,total_endpoint_success_rate,batch_endpoint_success_rate,legacy_scientific_successes,total_legacy_scientific_success_rate,batch_legacy_scientific_success_rate,episodes_per_second,elapsed_s,mean_episode_reward,median_minimum_tip_distance_m,mean_maximum_uav_displacement_m,mean_terminal_uav_displacement_m,numerical_failure_rate,gradient_updates,valid_transitions,policy_loss,value_loss,entropy,approximate_kl,clip_fraction,gradient_norm,epochs_completed
2048,500000,1630,0.7958984375,0.7958984375,0.7958984375,5000,1634,0.7978515625,0.7978515625,0,0.0,0.0,94.40493394118955,21.69378139998298,80.6938247680664,0.036528121680021286,0.9083877801895142,0.7271909713745117,0.0,12,44286,0.00123663354315795,42.38958422342936,0.32226314644018805,0.0012166160822744132,0.057967946864664555,297.4125893910726,2
4096,500000,3267,0.797607421875,0.79931640625,0.797607421875,5000,3274,0.79931640625,0.80078125,0,0.0,0.0,126.68130188291562,32.33310629997868,80.72000122070312,0.03675733506679535,0.9099239110946655,0.7305911779403687,0.0,24,43835,0.0008766294340603054,42.121006329854325,0.32186148315668106,0.0013150739290116082,0.06504884486397107,315.8203976949056,2
6144,500000,4925,0.8015950520833334,0.8095703125,0.8022,5000,4938,0.8037109375,0.8125,0,0.0,0.0,144.61554181822888,42.48506019997876,80.86138916015625,0.03681172430515289,0.9111108779907227,0.7394507527351379,0.0,36,42540,-0.004678316821809858,42.90023612976074,0.32147448261578876,0.00087908201173074,0.035893255689491824,290.91921933492023,2
8192,500000,6548,0.79931640625,0.79248046875,0.7986,5000,6564,0.80126953125,0.7939453125,0,0.0,0.0,154.7117131173347,52.95009559998289,80.66441345214844,0.036107975989580154,0.907234787940979,0.7228739857673645,0.0,48,44672,0.0014336803772797186,41.9527317682902,0.32106759647528327,0.000737459223728365,0.030087174847722054,197.65341091156006,2
10240,500000,8183,0.79912109375,0.79833984375,0.7984,5000,8204,0.801171875,0.80078125,0,0.0,0.0,162.007358760325,63.20700539997779,80.51287841796875,0.03617409989237785,0.9091077446937561,0.7299782633781433,0.0,60,43947,-0.002304829560065021,40.825402577718094,0.3206758896509806,0.0007623786379250911,0.028541441618775327,181.20721944173175,2
12288,500000,9808,0.7981770833333334,0.79345703125,0.7952,5000,9833,0.8002115885416666,0.79541015625,0,0.0,0.0,145.4075945333395,84.50727790000383,80.45405578613281,0.03643970564007759,0.9079388380050659,0.7270294427871704,0.0,72,44556,-0.0007877139917885263,41.10268719991048,0.32023680706818897,0.0007339736728984765,0.02647890398899714,168.36911265055338,2
14336,500000,11468,0.7999441964285714,0.810546875,0.8032,5000,11501,0.80224609375,0.814453125,0,0.0,0.0,151.48298449957625,94.6376917999005,80.97013092041016,0.03676460310816765,0.9080764055252075,0.7389659881591797,0.0,84,42405,-0.0012800194332764172,41.40422248840332,0.3198001906275749,0.0012129233864470734,0.059762048845489815,184.1612450281779,2
16384,500000,13075,0.79803466796875,0.78466796875,0.7968,5000,13116,0.800537109375,0.78857421875,0,0.0,0.0,156.44182331071787,104.72902739990968,80.09510040283203,0.037617504596710205,0.9069430232048035,0.7181023359298706,0.0,96,45630,-0.000277574872598052,38.56053765614827,0.3195261110862096,0.0008254604046366391,0.03433146917571624,243.86189651489258,2
18432,500000,14686,0.7967664930555556,0.78662109375,0.794,5000,14734,0.7993706597222222,0.7900390625,0,0.0,0.0,160.553890574539,114.80257459997665,80.13482666015625,0.03691009804606438,0.9094946384429932,0.7240023016929626,0.0,108,45398,-0.0006235863353746632,37.95716794331868,0.319261168440183,0.0006218860658009362,0.02268202851215998,223.129080136617,2
20480,500000,16310,0.79638671875,0.79296875,0.7878,5000,16364,0.7990234375,0.7958984375,0,0.0,0.0,163.80534481711294,125.02644539996982,80.39962768554688,0.03649304434657097,0.9100373983383179,0.7277899980545044,0.0,120,44593,-0.0019096881539250412,38.25445810953776,0.3188839902480443,0.0008311225186237909,0.03211123441966871,158.89385795593262,2
22528,500000,17916,0.7952769886363636,0.7841796875,0.7894,5000,17979,0.7980735085227273,0.78857421875,0,0.0,0.0,153.89562037066898,146.384932499961,80.34721374511719,0.03641756623983383,0.90968257188797,0.7196557521820068,0.0,132,45683,0.0003920705833782752,35.94768365224202,0.31848808874686557,0.0007852812106345178,0.03509124950505793,145.76361815134683,2
24576,500000,19598,0.7974446614583334,0.8212890625,0.8024,5000,19663,0.8000895182291666,0.822265625,0,0.0,0.0,156.84708141341642,156.68764619994909,81.35858917236328,0.03640938550233841,0.9150137901306152,0.7496816515922546,0.0,144,41086,0.012153484373508642,37.758725802103676,0.31809509048859275,0.0012021374408277552,0.06279726466163993,184.3639148076375,2
26624,500000,21254,0.7983022836538461,0.80859375,0.8084,5000,21323,0.8008939302884616,0.810546875,0,0.0,0.0,159.38597157893935,167.04104969999753,80.87110900878906,0.036838285624980927,0.9158921241760254,0.7414307594299316,0.0,156,42651,-0.002365137101151049,36.7193546295166,0.3177197178204854,0.002660737746585558,0.13559634300569692,211.72964922587076,2
28672,500000,22874,0.7977818080357143,0.791015625,0.8046,5000,22945,0.8002580915178571,0.7919921875,0,0.0,0.0,161.8136001484455,177.1915337999817,80.54105377197266,0.036013923585414886,0.91815185546875,0.731429934501648,0.0,168,44830,0.00022077954296643534,33.019139766693115,0.31740697969992954,0.0008489247681306248,0.03619106082866589,240.05098279317218,2
30720,500000,24507,0.79775390625,0.79736328125,0.7978,5000,24582,0.8001953125,0.79931640625,0,0.0,0.0,163.9462296371897,187.3785085999407,80.49079895019531,0.036967065185308456,0.9165209531784058,0.7348066568374634,0.0,180,44041,0.00025693515393262106,33.81853040059407,0.31706952055295307,0.0006006795087311426,0.021887898134688534,249.0963300069173,2
32768,500000,26138,0.79766845703125,0.79638671875,0.7938,5000,26215,0.800018310546875,0.79736328125,0,0.0,0.0,157.35399492065687,208.24383910000324,80.75236511230469,0.03644188866019249,0.9166443943977356,0.7349830865859985,0.0,192,44143,-0.0012858356640208513,33.44132423400879,0.31676195313533145,0.00042894285941959726,0.010724239284172654,191.38375822703043,2
34816,500000,27768,0.7975643382352942,0.7958984375,0.7972,5000,27848,0.7998621323529411,0.79736328125,0,0.0,0.0,159.37225028402509,218.4571023999015,80.72969055175781,0.03699691593647003,0.9172469973564148,0.7337168455123901,0.0,204,44237,-0.0008657239328992242,32.815907796223954,0.3164781605203946,0.0003514477161843388,0.007553009005884329,156.86768754323322,2
36864,500000,29410,0.7977973090277778,0.8017578125,0.797,5000,29494,0.8000759548611112,0.8037109375,0,0.0,0.0,161.01231123616125,228.9514367999509,80.8076171875,0.0360502190887928,0.9163885116577148,0.738030195236206,0.0,216,43511,-0.00047169010698174435,33.99887307484944,0.3161520337065061,0.00042649524751444307,0.012576556000567507,144.0999863942464,2
38912,500000,31063,0.7982884457236842,0.80712890625,0.8006,5000,31154,0.8006270559210527,0.810546875,0,0.0,0.0,162.54425129601358,239.3932710000081,81.03385925292969,0.03691602125763893,0.9129490852355957,0.7410010695457458,0.0,228,42815,-0.0006153407933500905,35.5967493057251,0.31565552949905396,0.0005007452225527231,0.013017943361774087,162.0335178375244,2
40960,500000,32734,0.799169921875,0.81591796875,0.8134,5000,32832,0.8015625,0.8193359375,0,0.0,0.0,163.9675479288125,249.80552870000247,81.3415756225586,0.03626858443021774,0.9157165288925171,0.7484352588653564,0.0,240,41715,-0.0009778138870994249,35.73162523905436,0.31507385273774463,0.0015445679131668535,0.07972699139888087,161.3692585627238,2
43008,500000,34358,0.7988746279761905,0.79296875,0.8058,5000,34460,0.8012462797619048,0.794921875,0,0.0,0.0,158.7694815863397,270.8832929999335,80.70355224609375,0.036660823971033096,0.9201009273529053,0.7345033288002014,0.0,252,44592,0.0007065741713934888,31.995203177134194,0.31458674371242523,0.0011135514329604725,0.05067181587219238,195.35927486419678,2
45056,500000,35985,0.7986727627840909,0.79443359375,0.798,5000,36090,0.8010031960227273,0.7958984375,0,0.0,0.0,160.32361321331982,281.0315903999144,80.69178771972656,0.0369548425078392,0.9189184904098511,0.7362242937088013,0.0,264,44414,0.0017946743949626882,30.80481402079264,0.31417473902304965,0.0006668687437922927,0.02157606929540634,124.68321132659912,2
47104,500000,37619,0.7986370584239131,0.7978515625,0.7942,5000,37727,0.8009298573369565,0.79931640625,0,0.0,0.0,161.6917063984699,291.3198273999151,81.02462768554688,0.03628779202699661,0.9162453413009644,0.7355303168296814,0.0,276,43960,-0.002173063752707094,32.09094985326131,0.31373147418101627,0.0004625735064867816,0.01223388659612586,120.65007623036702,2
49152,500000,39256,0.7986653645833334,0.79931640625,0.797,5000,39367,0.8009236653645834,0.80078125,0,0.0,0.0,162.90423819855897,301.72327339998446,81.05374908447266,0.036851972341537476,0.9185782670974731,0.7377839684486389,0.0,288,43783,-0.0008121135567004482,30.668833891550698,0.3133055691917737,0.0006146426408880263,0.018793664406985044,148.6883331934611,2
51200,500000,40898,0.7987890625,0.8017578125,0.8002,5000,41012,0.801015625,0.80322265625,0,0.0,0.0,164.15201447606196,311.90601079992484,80.99031829833984,0.03653481975197792,0.9190469980239868,0.7408822178840637,0.0,300,43470,-0.0004519807892696311,30.681838989257812,0.3128868738810221,0.0005708821349041197,0.019375322697063286,150.8921006520589,2
53248,500000,42541,0.7989220252403846,0.80224609375,0.8038,5000,42659,0.8011380709134616,0.80419921875,0,0.0,0.0,159.91103944187088,332.98514089989476,81.06088256835938,0.0373227521777153,0.9199841022491455,0.7410044074058533,0.0,312,43419,-0.00023878023300009468,30.282118638356526,0.3124780257542928,0.0005812768355705581,0.01726005459204316,128.2635924021403,2
55296,500000,44180,0.7989728009259259,0.80029296875,0.8014,5000,44302,0.8011791087962963,0.80224609375,0,0.0,0.0,161.14035095780866,343.1542730999645,80.86296081542969,0.03643639385700226,0.917350709438324,0.7384480237960815,0.0,324,43648,0.0003859511731813351,30.95602718989054,0.31204316516717273,0.0004356637909950223,0.010723780219753582,181.46225611368814,2
57344,500000,45811,0.7988804408482143,0.79638671875,0.7966,5000,45942,0.8011648995535714,0.80078125,0,0.0,0.0,162.30955455094949,353.3002117999131,80.87738800048828,0.03666578605771065,0.918276309967041,0.7345223426818848,0.0,336,44143,0.00030576304319159436,29.76372973124186,0.3116203422347704,0.0004328110222407607,0.011712313319245974,145.25739574432373,2
59392,500000,47440,0.798760775862069,0.79541015625,0.7996,5000,47575,0.8010338092672413,0.79736328125,0,0.0,0.0,163.28779343027688,363.72590229997877,81.02529907226562,0.035737305879592896,0.9175490140914917,0.7343945503234863,0.0,348,44307,-0.00026971238548867404,29.34087816874186,0.31120191514492035,0.00040552813205370814,0.010202356769392887,138.90782101949054,2
61440,500000,49069,0.7986490885416667,0.79541015625,0.7944,5000,49208,0.8009114583333333,0.79736328125,0,0.0,0.0,164.3046799235782,373.93943999998737,80.82147216796875,0.03611209988594055,0.9187961220741272,0.7341524958610535,0.0,360,44314,4.6452429766456284e-05,29.46360365549723,0.3108164568742116,0.00036944407967591053,0.00774038239615038,132.5603396097819,2
63488,500000,50746,0.7993006552419355,0.81884765625,0.8042,5000,50888,0.8015372983870968,0.8203125,0,0.0,0.0,160.62535880716703,395.25514819996897,81.2643051147461,0.03650062158703804,0.9195953011512756,0.7542933225631714,0.0,372,41331,0.004781396555093427,29.850788911183674,0.31050323943297065,0.0009683462052786732,0.05158748353521029,154.78107452392578,2
65536,500000,52401,0.7995758056640625,0.80810546875,0.81,5000,52549,0.8018341064453125,0.81103515625,0,0.0,0.0,161.6022852378414,405.53881959989667,81.24592590332031,0.03670210763812065,0.9191799163818359,0.7449154853820801,0.0,384,42745,0.0025543950517506646,29.709096749623615,0.31027366469303763,0.0006149147325231752,0.019678617866399385,159.13582483927408,2
67584,500000,54052,0.7997750946969697,0.80615234375,0.8106,5000,54204,0.8020241477272727,0.80810546875,0,0.0,0.0,162.5362048200085,415.8088966999203,81.2636947631836,0.036866676062345505,0.9196746349334717,0.7452174425125122,0.0,396,42951,-0.0020506399256798127,29.42759084701538,0.30996626118818915,0.0007168809218001115,0.03024037523816029,136.52517731984454,2
69632,500000,55695,0.7998477711397058,0.80224609375,0.8044,5000,55854,0.8021312040441176,0.8056640625,0,0.0,0.0,163.47934394962695,425.93760359997395,80.91707611083984,0.036536067724227905,0.9191080331802368,0.7396431565284729,0.0,408,43414,-0.002530698936122159,29.567595958709717,0.30957389374574024,0.0006449032095285171,0.02206808895183106,139.74825986226398,2
71680,500000,57356,0.8001674107142858,0.81103515625,0.8086,5000,57519,0.80244140625,0.81298828125,0,0.0,0.0,164.39675819849538,436.0183301999932,81.25296020507812,0.035627610981464386,0.9190492630004883,0.7484617233276367,0.0,420,42311,0.001213678178222229,29.17475175857544,0.30914689848820365,0.0005649688825239233,0.01895826783341666,109.73705546061197,2
73728,500000,58992,0.8001302083333334,0.798828125,0.8036,5000,59164,0.8024631076388888,0.80322265625,0,0.0,0.0,161.3002290347271,457.0855258000083,81.20946502685547,0.03660452738404274,0.9151721596717834,0.7361385226249695,0.0,432,43829,-0.0005550251225940883,28.684037367502846,0.3086671357353528,0.0006061098818008759,0.019523456382254757,158.7790463765462,2
75776,500000,60636,0.8002005912162162,0.802734375,0.8036,5000,60810,0.8024968327702703,0.8037109375,0,0.0,0.0,162.12115519745785,467.40352859999985,81.25851440429688,0.036254312843084335,0.9145945310592651,0.7380639314651489,0.0,444,43386,0.00102892832364887,29.177446206410725,0.30818733076254523,0.0006302905547575695,0.021173161144057907,167.344144821167,2
77824,500000,62293,0.8004343133223685,0.80908203125,0.804,5000,62477,0.8027986225328947,0.81396484375,0,0.0,0.0,162.9020260470124,477.735003599897,81.23326110839844,0.036598190665245056,0.9167752265930176,0.7437630891799927,0.0,456,42574,-7.291281993578498e-06,28.5835329691569,0.30763839681943256,0.0006548185911772937,0.02593261795118451,147.2412363688151,2
79872,500000,63938,0.8005058092948718,0.80322265625,0.8062,5000,64130,0.802909655448718,0.80712890625,0,0.0,0.0,163.64758300405774,488.0732030000072,81.05940246582031,0.03635993227362633,0.91865074634552,0.7410330176353455,0.0,468,43317,-0.00022699811961501837,28.440217812856037,0.30709906170765555,0.0006958208465827435,0.02302153563747803,157.87627347310382,2
81920,500000,65601,0.80079345703125,0.81201171875,0.8078,5000,65799,0.80321044921875,0.81494140625,0,0.0,0.0,164.45541320653297,498.1289359999355,81.57057189941406,0.03621707111597061,0.9182291030883789,0.7468910813331604,0.0,480,42165,-0.002320479058350126,27.989746411641438,0.3066189040740331,0.0006996370019957491,0.029213553333344557,132.21631240844727,2
83968,500000,67234,0.800709794207317,0.79736328125,0.8054,5000,67441,0.8031750190548781,0.8017578125,0,0.0,0.0,161.73422076129748,519.172748999903,81.20169067382812,0.03610321134328842,0.9152971506118774,0.7352488040924072,0.0,492,44024,0.0012217795204681654,27.349623044331867,0.3061839590469996,0.0011372246439502,0.05382865186159809,163.9334128697713,2
86016,500000,68856,0.8005022321428571,0.7919921875,0.7948,5000,69071,0.8030017671130952,0.7958984375,0,0.0,0.0,162.5317908411598,529.2256951999152,81.42959594726562,0.036651793867349625,0.9121323823928833,0.7272305488586426,0.0,504,44719,0.0010377171371753016,27.8575758934021,0.30571948985258734,0.0006553896150004827,0.02756598100919897,113.0313367843628,2
88064,500000,70520,0.80078125,0.8125,0.7986,5000,70737,0.803245367005814,0.8134765625,0,0.0,0.0,163.28662669543135,539.3215707999188,81.76215362548828,0.036062099039554596,0.9153012633323669,0.7454017400741577,0.0,516,42140,0.002126289803224305,27.394405841827393,0.3053387328982353,0.0008821038857907599,0.037186720718940094,122.12935670216878,2
90112,500000,72162,0.8008034446022727,0.8017578125,0.8048,5000,72383,0.8032559481534091,0.8037109375,0,0.0,0.0,163.98600586460665,549.5103043999989,81.60197448730469,0.03604689985513687,0.9154794216156006,0.7346816658973694,0.0,528,43485,0.0014385530860939373,27.405157883961994,0.30487747490406036,0.0009448598693779786,0.043755845787624516,158.35236040751138,2
92160,500000,73848,0.8013020833333333,0.8232421875,0.814,5000,74070,0.8037109375,0.82373046875,0,0.0,0.0,164.62879950322375,559.8048474999378,81.92707061767578,0.03568795695900917,0.917044997215271,0.7552812099456787,0.0,538,40796,-0.00021739406511187554,27.11359691619873,0.3044348776340485,0.0004777698984980816,0.0138047534506768,150.19943046569824,2
94208,500000,75491,0.8013226052989131,0.80224609375,0.8096,5000,75720,0.8037533967391305,0.8056640625,0,0.0,0.0,162.175957933135,580.8999138999498,81.5760726928711,0.03643292561173439,0.9155104160308838,0.7370090484619141,0.0,550,43432,0.001815536922852819,26.68270476659139,0.3040546029806137,0.0004534637585796493,0.012920721317641437,163.6161142985026,2
96256,500000,77125,0.8012487533244681,0.7978515625,0.803,5000,77357,0.8036589926861702,0.79931640625,0,0.0,0.0,162.84599178045463,591.0860865999712,81.33761596679688,0.035485874861478806,0.9191642999649048,0.7372514605522156,0.0,562,43964,0.0010984318408494194,26.44693883260091,0.3036787683765093,0.0004768579690335173,0.015391559859078066,156.41401036580402,2
98304,500000,78772,0.8013102213541666,0.80419921875,0.8014,5000,79011,0.803741455078125,0.8076171875,0,0.0,0.0,163.4780521814726,601.3284271999728,81.47283935546875,0.03700913488864899,0.918346643447876,0.7401727437973022,0.0,574,43177,0.0009137578696633378,27.056544939676918,0.3033154855171839,0.00044934150688883767,0.012195959337987006,151.52785237630206,2
100352,500000,80420,0.8013791454081632,0.8046875,0.8056,5000,80665,0.8038205516581632,0.8076171875,0,0.0,0.0,164.09393894711238,611.5521428999491,81.32682037353516,0.03678014874458313,0.9187482595443726,0.7435558438301086,0.0,586,43142,0.0009125000215135515,24.82722759246826,0.3029265205065409,0.0005842326383268907,0.019408256436387696,155.28918870290119,2
102400,500000,82098,0.80173828125,0.8193359375,0.8092,5000,82346,0.80416015625,0.82080078125,0,0.0,0.0,164.66036557790554,621.8861450999975,81.97130584716797,0.03576063737273216,0.9195979237556458,0.7539242506027222,0.0,598,41271,-0.005029482922206322,25.959389686584473,0.30256285021702445,0.0005818787149867906,0.020099047105759382,178.00292523701984,2
104448,500000,83759,0.8019205729166666,0.81103515625,0.8114,5000,84012,0.8043428308823529,0.8134765625,0,0.0,0.0,162.33383262985097,643.4148588000098,81.29920196533203,0.03581444174051285,0.924181342124939,0.7519581317901611,0.0,610,42297,-0.00017201419298847515,24.641035079956055,0.30224754164616263,0.000700652479584581,0.026314894823978342,130.89953804016113,2
106496,500000,85413,0.8020301231971154,0.8076171875,0.8124,5000,85668,0.8044245793269231,0.80859375,0,0.0,0.0,162.85516585532798,653.9307453999063,81.43876647949219,0.036134399473667145,0.9223779439926147,0.7465621829032898,0.0,622,42707,-0.0011954598206405838,23.613240718841553,0.3018324375152588,0.0005763279744617951,0.01901354578634103,97.16082255045572,2
108544,500000,87109,0.8025224793632075,0.828125,0.816,5000,87366,0.8048901827830188,0.8291015625,0,0.0,0.0,163.44833663347268,664.0875167999184,82.13302612304688,0.03563768416643143,0.9225364923477173,0.7624070644378662,0.0,632,40184,0.0002271740697324276,24.907765579223636,0.3013276487588883,0.0006148667685920373,0.023414415493607524,107.5490047454834,2
110592,500000,88801,0.8029604311342593,0.826171875,0.826,5000,89062,0.8053204571759259,0.828125,0,0.0,0.0,164.03394890522543,674.2018998999847,82.06022644042969,0.03619895875453949,0.9191328287124634,0.7591845989227295,0.0,642,40464,-0.0002491125836968422,26.042797088623047,0.3008773505687714,0.0005571401967245038,0.01733469497412443,121.75724487304689,2
112640,500000,90441,0.802920809659091,0.80078125,0.8134,5000,90707,0.8052823153409091,0.80322265625,0,0.0,0.0,164.58215152877366,684.3998510999372,81.23976135253906,0.035953693091869354,0.9191792011260986,0.7401179075241089,0.0,654,43582,-0.0022804348651940622,25.11833318074544,0.3004188910126686,0.0005020865476884258,0.01808104049026345,125.01565361022949,2
114688,500000,92077,0.8028477260044643,0.798828125,0.805,5000,92350,0.8052280970982143,0.80224609375,0,0.0,0.0,162.5080363336517,705.7374058999121,81.34690856933594,0.03591308370232582,0.9219784736633301,0.7401098608970642,0.0,666,43812,0.0006149523736288149,24.216864267985024,0.2999450067679087,0.0005285142468286115,0.0160931929325064,91.11204719543457,2
116736,500000,93720,0.8028371710526315,0.80224609375,0.799,5000,94000,0.8052357456140351,0.8056640625,0,0.0,0.0,162.99575956290028,716.1904107999289,81.33821868896484,0.0359329991042614,0.9202542901039124,0.7439185380935669,0.0,678,43397,0.0025417830523413914,25.49183225631714,0.29940658062696457,0.0004951955534124863,0.016000339916596808,88.76346174875894,2
118784,500000,95362,0.8028185614224138,0.8017578125,0.8024,5000,95650,0.805243130387931,0.8056640625,0,0.0,0.0,163.46356485205916,726.6695798999863,81.49971008300781,0.03650049492716789,0.9215366840362549,0.7418810129165649,0.0,690,43496,-0.0020365147696187096,23.43145736058553,0.2988984684149424,0.0004114841902567908,0.011616639637698729,120.92926915486653,2
120832,500000,97027,0.8029909295550848,0.81298828125,0.8058,5000,97322,0.8054323358050848,0.81640625,0,0.0,0.0,163.93438092418046,737.0754037000006,81.58428192138672,0.03580567613244057,0.9220380783081055,0.7528750896453857,0.0,702,42069,0.003298127334952975,23.863194306691486,0.298438789943854,0.0006721541588679731,0.025548533226052918,84.98721345265706,2
122880,500000,98717,0.8033610026041667,0.8251953125,0.8176,5000,99015,0.8057861328125,0.82666015625,0,0.0,0.0,164.46031193082845,747.1711475999327,82.09762573242188,0.035922981798648834,0.922370970249176,0.7621878981590271,0.0,712,40532,0.0035182463623641526,25.39710693359375,0.2980059087276459,0.002526602376747178,0.12423494905233384,90.15622024536134,2
124928,500000,100369,0.8034147669057377,0.806640625,0.8158,5000,100672,0.8058401639344263,0.80908203125,0,0.0,0.0,162.64199855567986,768.1164834999945,81.35749816894531,0.03608822450041771,0.9313127994537354,0.7512253522872925,0.0,724,42894,0.005107589260054131,21.2489226659139,0.29759524514277774,0.0008190611438294582,0.033585725274557866,97.77612590789795,2
126976,500000,102019,0.8034510458669355,0.8056640625,0.8078,5000,102324,0.8058530745967742,0.806640625,0,0.0,0.0,163.1525193032574,778.2656409000047,81.60360717773438,0.036475494503974915,0.9244290590286255,0.7463051080703735,0.0,736,42981,-0.0003487069479888305,23.54718764623006,0.2971673086285591,0.0005349524267330708,0.018188713040823735,93.41763114929199,2
129024,500000,103680,0.8035714285714286,0.81103515625,0.8078,5000,103990,0.8059740823412699,0.8134765625,0,0.0,0.0,163.6315802848396,788.503049199935,81.72406768798828,0.036076322197914124,0.9258577823638916,0.7521238923072815,0.0,748,42300,-0.005144129002777238,22.336830457051594,0.2966093321641286,0.0007343599256728339,0.02979535919924577,101.8423204421997,2
131072,500000,105335,0.8036422729492188,0.80810546875,0.81,5000,105653,0.8060684204101562,0.81201171875,0,0.0,0.0,164.07770901662568,798.8409929999616,81.87515258789062,0.03578849509358406,0.9223155975341797,0.7471630573272705,0.0,760,42691,-0.002480821431769679,24.037643432617188,0.29609985649585724,0.0006454780673266214,0.022488210971156754,97.3009729385376,2
133120,500000,106972,0.8035757211538461,0.79931640625,0.806,5000,107296,0.8060096153846154,0.80224609375,0,0.0,0.0,164.5360776425745,809.0626803999767,81.44355773925781,0.036031078547239304,0.9273231625556946,0.7452839612960815,0.0,772,43799,-0.0008977576702212293,21.68029022216797,0.2955913891394933,0.0007729408574353631,0.02896002043659488,106.83177010218301,2
135168,500000,108636,0.8037109375,0.8125,0.8074,5000,108965,0.8061449455492424,0.81494140625,0,0.0,0.0,162.85646464448422,829.9824038000079,81.79986572265625,0.036562129855155945,0.9264746904373169,0.7550132274627686,0.0,784,42125,0.001682033025038739,23.056977907816567,0.2951640412211418,0.0005508177413654872,0.01578679991265138,110.49908129374185,2
137216,500000,110318,0.8039732975746269,0.8212890625,0.8156,5000,110652,0.8064074160447762,0.82373046875,0,0.0,0.0,163.3604370723465,839.9585753999418,82.08834838867188,0.03599221631884575,0.9276076555252075,0.7607576847076416,0.0,796,41036,-0.01015813221844534,21.53040273984273,0.29475954671700794,0.0005217216510118305,0.020928098509709038,101.37814966837564,2
139264,500000,111978,0.8040699678308824,0.810546875,0.8166,5000,112318,0.8065113740808824,0.8134765625,0,0.0,0.0,163.83402312283295,850.0310090999119,81.73037719726562,0.03619454428553581,0.9281795024871826,0.7538880109786987,0.0,808,42374,-0.0004286339584117134,21.901830196380615,0.2942384531100591,0.0010412792718549704,0.04739670579632123,107.0115737915039,2
141312,500000,113619,0.8040293817934783,0.80126953125,0.807,5000,113966,0.8064849411231884,0.8046875,0,0.0,0.0,164.30766514489483,860.0450859999983,81.60691833496094,0.034882333129644394,0.9252124428749084,0.7446614503860474,0.0,820,43521,0.001023300477148344,22.393310070037842,0.293842206398646,0.0007362641218454276,0.029639193865781028,95.58308760325113,2
143360,500000,115293,0.8042201450892857,0.8173828125,0.8098,5000,115648,0.8066964285714285,0.8212890625,0,0.0,0.0,164.7423061500271,870.2075583999977,82.00564575195312,0.03592800348997116,0.9239952564239502,0.7567394375801086,0.0,832,41525,0.0028938119842981296,23.678958098093666,0.29334020614624023,0.0005384453857762612,0.015380571285883585,100.41559473673502,2
145408,500000,116926,0.8041235695422535,0.79736328125,0.8076,5000,117287,0.8066062389964789,0.80029296875,0,0.0,0.0,163.08499601718123,891.6086920999223,81.60467529296875,0.03676053509116173,0.9255384206771851,0.742071270942688,0.0,844,44021,-0.003087460548461725,21.774282932281494,0.29283575961987174,0.0007114946614213598,0.025508268425861992,85.24805927276611,2
147456,500000,118578,0.8041585286458334,0.806640625,0.8038,5000,118942,0.8066270616319444,0.80810546875,0,0.0,0.0,163.50595292353174,901.8387242999161,81.76687622070312,0.03609022498130798,0.920779824256897,0.746661365032196,0.0,856,42847,0.00038907890363285935,22.753711382548012,0.292279211183389,0.0008318126385044403,0.03630520092944304,77.10673554738362,2
149504,500000,120255,0.8043597495719178,0.81884765625,0.8104,5000,120623,0.8068212221746576,0.82080078125,0,0.0,0.0,163.9558799192911,911.8550677999156,81.84107971191406,0.036388713866472244,0.9267997741699219,0.7593419551849365,0.0,868,41353,0.0059874290600419044,23.032755374908447,0.29178449263175327,0.0007693748889323615,0.029178480229650933,95.4772450129191,2
151552,500000,121915,0.804443359375,0.810546875,0.8136,5000,122285,0.806884765625,0.8115234375,0,0.0,0.0,164.3807894463271,921.9568813999649,81.72675323486328,0.03627831116318703,0.9227859973907471,0.7511835098266602,0.0,880,42367,0.0009975261831035216,22.807997862497963,0.2913361738125483,0.0005359630483023162,0.017937821801751852,96.6616792678833,2
153600,500000,123547,0.8043424479166666,0.796875,0.8068,5000,123926,0.8068098958333333,0.80126953125,0,0.0,0.0,164.80164242244757,932.0295461999485,81.34239196777344,0.03629714250564575,0.9214590787887573,0.7380983829498291,0.0,892,44111,0.00012839739307916412,23.55618397394816,0.290925624469916,0.0006208948217742242,0.021089038190742333,79.09381167093912,2
155648,500000,125204,0.8044048108552632,0.80908203125,0.8014,5000,125585,0.8068526418585527,0.81005859375,0,0.0,0.0,163.24364506897567,953.4705006999429,81.7955322265625,0.03582453727722168,0.9233821630477905,0.7475087642669678,0.0,904,42559,-0.0022465738778313,22.216687043507893,0.29044987509648,0.000704549586619881,0.026885337196290493,90.13801193237305,2
157696,500000,126868,0.8045099431818182,0.8125,0.8068,5000,127256,0.8069703733766234,0.81591796875,0,0.0,0.0,163.5825003588456,964.01509729994,81.51520538330078,0.036370981484651566,0.9253308176994324,0.7558010816574097,0.0,916,42110,-0.0047289917517142985,22.567674954732258,0.28991468995809555,0.0007716732629887701,0.03221226794024308,85.87364641825357,2
159744,500000,128540,0.8046624599358975,0.81640625,0.8138,5000,128934,0.80712890625,0.8193359375,0,0.0,0.0,163.9381222626382,974.4164309999906,81.94001770019531,0.03620586916804314,0.9271170496940613,0.7574392557144165,0.0,928,41648,-0.002020251490951826,20.6380508740743,0.28933268785476685,0.0007725642560671986,0.03528423452128966,78.72751077016194,2
161792,500000,130184,0.8046380537974683,0.802734375,0.8106,5000,130584,0.8071103639240507,0.8056640625,0,0.0,0.0,164.2946070709268,984.7675640999805,81.81224060058594,0.036250364035367966,0.9232561588287354,0.7444671392440796,0.0,940,43359,0.00031232316784250236,21.897528648376465,0.28880958010752994,0.001535135386196392,0.07496438858409722,69.29824161529541,2
163840,500000,131845,0.804718017578125,0.81103515625,0.8098,5000,132249,0.807183837890625,0.81298828125,0,0.0,0.0,164.6723192268813,994.9456033000024,81.70954895019531,0.03681309521198273,0.9226781725883484,0.7521852254867554,0.0,952,42294,0.004166895911718408,21.241694768269856,0.288175327082475,0.0008763434683108546,0.03767581870003293,80.16682720184326,2
165888,500000,133480,0.804639274691358,0.79833984375,0.8064,5000,133887,0.8070927372685185,0.7998046875,0,0.0,0.0,163.27326599628344,1016.0144649998983,81.46092224121094,0.03628092259168625,0.9244753122329712,0.7432507276535034,0.0,964,43887,-0.0013577943318523467,20.417491118113198,0.2876026009519895,0.0006115329095640238,0.02301433061559995,70.26520983378092,2
167936,500000,135132,0.804663681402439,0.806640625,0.8008,5000,135546,0.80712890625,0.81005859375,0,0.0,0.0,163.6394012909103,1026.256504699937,81.62718963623047,0.03575002774596214,0.9263761043548584,0.7496887445449829,0.0,976,42863,-0.0030991621897555888,21.10434548060099,0.28698185831308365,0.0006973573307125964,0.026171904988586903,67.51374085744222,2
169984,500000,136829,0.8049522307981928,0.82861328125,0.815,5000,137247,0.8074112857680723,0.83056640625,0,0.0,0.0,163.95625517787389,1036.7643479999388,82.44384765625,0.03629273176193237,0.9228942394256592,0.764171838760376,0.0,986,40153,0.0011898572091013195,20.445578765869143,0.28644202649593353,0.0009517985302409216,0.04392561265267432,97.60402259826661,2
172032,500000,138455,0.8048211960565477,0.7939453125,0.8102,5000,138882,0.8073032924107143,0.79833984375,0,0.0,0.0,164.28067025618301,1047.183455799939,81.71327209472656,0.03602147102355957,0.9167624711990356,0.7326794862747192,0.0,998,44459,-0.0013016548376375188,23.441046078999836,0.28599779804547626,0.0008537331805200665,0.039020507906874016,93.19177850087483,2
174080,500000,140100,0.8048023897058824,0.80322265625,0.803,5000,140537,0.8073127297794118,0.80810546875,0,0.0,0.0,164.62472620352466,1057.4353197999299,81.89318084716797,0.036381978541612625,0.9135993719100952,0.7372751235961914,0.0,1005,43316,0.007975002235200788,24.94204248700823,0.28549798897334505,0.0021968051153505386,0.08471833595207759,83.42477444240025,2
176128,500000,141620,0.8040743095930233,0.7421875,0.778,5000,142072,0.806640625,0.74951171875,0,0.0,0.0,163.25442063807304,1078.8559311999707,79.82054138183594,0.03746474161744118,0.9075980186462402,0.6871695518493652,0.0,1013,50915,0.0017678317963145673,28.602729558944702,0.2851710841059685,0.0025079361925008925,0.1057096105068922,76.41035425662994,2
178176,500000,143034,0.8027680495689655,0.6904296875,0.7288,5000,143514,0.8054620150862069,0.7041015625,0,0.0,0.0,163.60484052519908,1089.0631317999214,77.90418243408203,0.039428725838661194,0.9019748568534851,0.6476454734802246,0.0,1029,57396,-0.0030750386649742723,31.082163274288177,0.28486279770731926,0.0021164538462699056,0.08141855127178133,73.63129091262817,2
180224,500000,144514,0.8018576882102273,0.72265625,0.7098,5000,145014,0.8046320134943182,0.732421875,0,0.0,0.0,163.95146451962358,1099.2521507999627,78.92645263671875,0.038491930812597275,0.9064294099807739,0.6735324859619141,0.0,1043,53375,-0.0007579234994149634,28.670623915536062,0.2845260841505868,0.001266994736592356,0.06090222565191132,44.39814526694161,2
182272,500000,146073,0.8014012025983146,0.76123046875,0.7306,5000,146591,0.8042431091994382,0.77001953125,0,0.0,0.0,164.30426616878566,1109.3564655999653,80.31791687011719,0.03709011152386665,0.9094398021697998,0.7038980722427368,0.0,1055,48535,0.0040259849435339366,28.29864184061686,0.28409282863140106,0.0025791163186568156,0.11220579229605694,75.32240835825601,2
184320,500000,147728,0.8014756944444444,0.80810546875,0.7742,5000,148249,0.8043023003472223,0.8095703125,0,0.0,0.0,164.6298674559679,1119.602432099986,81.8607177734375,0.036548078060150146,0.919339120388031,0.7446607947349548,0.0,1067,42695,0.00042557372944429517,22.352014541625977,0.2836975927154223,0.0009469774358876748,0.04271156992763281,97.29720942179361,2
186368,500000,149413,0.8017095209478022,0.82275390625,0.8044,5000,149948,0.8045801854395604,0.82958984375,0,0.0,0.0,163.39112696913088,1140.6249742999207,81.99449920654297,0.036436837166547775,0.9229458570480347,0.7590965032577515,0.0,1077,40883,0.0015716935507953168,22.941972732543945,0.2833111643791199,0.0012099585336727615,0.05984937359462492,60.059691238403325,2
188416,500000,151081,0.8018480383831522,0.814453125,0.8158,5000,151621,0.8047140370244565,0.81689453125,0,0.0,0.0,163.72203849905972,1150.8285733999219,81.74908447265625,0.037028718739748,0.9308900237083435,0.7587369680404663,0.0,1089,41938,0.0011600546810465553,18.362210273742676,0.28284233808517456,0.001362346012835284,0.06637639769663413,56.32748063405354,2
190464,500000,152775,0.8021200856854839,0.8271484375,0.8196,5000,153319,0.8049762684811828,0.8291015625,0,0.0,0.0,164.06960720829073,1160.8731393999187,82.291748046875,0.03643316775560379,0.924474835395813,0.7646657228469849,0.0,1099,40336,0.0012229315005242826,21.055416870117188,0.2823528736829758,0.001150640895093602,0.05366567075252533,63.83158302307129,2
192512,500000,154446,0.8022668716755319,0.81591796875,0.821,5000,154999,0.8051394198803191,0.8203125,0,0.0,0.0,164.40574396534157,1170.9566548999865,82.08502197265625,0.03610333055257797,0.9241605997085571,0.7537819147109985,0.0,1111,41722,-4.4566094099233546e-05,21.25749651590983,0.2817623863617579,0.001016003152850923,0.045189564426740006,73.00721422831217,2
194560,500000,156154,0.8026007401315789,0.833984375,0.826,5000,156710,0.8054584703947368,0.83544921875,0,0.0,0.0,164.7524595556905,1180.9231893999968,82.5172348022461,0.03573276475071907,0.9255588054656982,0.7713626027107239,0.0,1121,39481,1.5395099762827157e-05,20.434528160095216,0.2812056362628937,0.0006851763018858037,0.013988975994288923,62.02119178771973,2
196608,500000,157816,0.8026936848958334,0.8115234375,0.823,5000,158374,0.8055318196614584,0.8125,0,0.0,0.0,163.53078718419488,1202.2690245999256,81.90618896484375,0.03649246692657471,0.9240280985832214,0.7517293691635132,0.0,1133,42248,0.0037215582948798933,20.97812000910441,0.2807162801424662,0.0007073580388047654,0.03014264799033602,72.57603963216145,2
198656,500000,159500,0.8028954574742269,0.822265625,0.8182,5000,160064,0.8057345360824743,0.8251953125,0,0.0,0.0,163.82547896893792,1212.6074725999497,82.40930938720703,0.036586694419384,0.9241496920585632,0.7591620683670044,0.0,1143,40942,3.999993205070496e-05,20.151996994018557,0.28025720715522767,0.0007146811089114636,0.02740956749767065,45.65275402069092,2
200704,500000,161178,0.8030632174744898,0.8193359375,0.8162,5000,161749,0.805908203125,0.82275390625,0,0.0,0.0,164.11366411670548,1222.9572782999603,81.98678588867188,0.03700045868754387,0.9253039956092834,0.7596728801727295,0.0,1155,41336,0.008155111417484779,20.99711020787557,0.2795460969209671,0.0016924460328482382,0.08517759052726129,48.48847039540608,2
202752,500000,162867,0.8032818418560606,0.82470703125,0.82,5000,163443,0.8061227509469697,0.8271484375,0,0.0,0.0,164.40942436886525,1233.2139764999738,82.12525177001953,0.03724180534482002,0.9262878894805908,0.7641764879226685,0.0,1165,40602,0.0010456167510710657,19.448982429504397,0.27892624437808994,0.0013021442837271024,0.05973860607482493,44.59292411804199,2
204800,500000,164528,0.803359375,0.81103515625,0.8212,5000,165106,0.806181640625,0.81201171875,0,0.0,0.0,164.71843780202076,1243.3337926999666,81.99446105957031,0.03622806444764137,0.9216398000717163,0.7503823637962341,0.0,1177,42324,0.003009498973066608,19.99116611480713,0.27816174924373627,0.000990328117950412,0.04559323176120718,59.207867781321205,2
206848,500000,166207,0.8035223932549505,0.81982421875,0.8192,5000,166793,0.8063553913985149,0.82373046875,0,0.0,0.0,163.60113830798508,1264.343281099922,82.13580322265625,0.03591209650039673,0.9282467365264893,0.7593716979026794,0.0,1189,41260,-0.0067024221061728895,20.222174962361652,0.27742436279853183,0.0007927254799445411,0.03469360355908672,86.00819047292073,2
208896,500000,167892,0.8037109375,0.82275390625,0.8172,5000,168480,0.8065257352941176,0.82373046875,0,0.0,0.0,163.90705567488712,1274.4783873999259,82.0444107055664,0.0360051691532135,0.9269918203353882,0.7624174356460571,0.0,1199,40891,0.00023222636082209647,19.41839351654053,0.27687772512435915,0.0007012131716692239,0.028969916328787804,58.73368301391602,2
210944,500000,169578,0.8039005612864077,0.8232421875,0.825,5000,170172,0.8067164745145631,0.826171875,0,0.0,0.0,164.2020113599859,1284.6614864999428,82.23710632324219,0.0358533076941967,0.9256883859634399,0.7610600590705872,0.0,1209,40863,-0.00018580337055027485,20.51912784576416,0.27642683386802674,0.0005393613187152368,0.017177008744329213,43.36036281585694,2
212992,500000,171236,0.803955078125,0.8095703125,0.8166,5000,171836,0.8067720853365384,0.8125,0,0.0,0.0,164.47201668176666,1295.0044894999592,82.07583618164062,0.037250932306051254,0.9234594702720642,0.7488678693771362,0.0,1221,42517,0.0004155365010471238,20.491997718811035,0.27579309542973834,0.0013128678971649301,0.0635268110781908,56.66580971082051,2
215040,500000,172882,0.8039527529761905,0.8037109375,0.8084,5000,173492,0.8067894345238096,0.80859375,0,0.0,0.0,164.74760970728454,1305.2693169999402,81.86134338378906,0.03682359308004379,0.9194415211677551,0.7425845265388489,0.0,1233,43231,0.001252076782596608,22.103835900624592,0.27508553117513657,0.0011183067458659934,0.049759604036808014,43.337920904159546,2
217088,500000,174556,0.8040794516509434,0.8173828125,0.8086,5000,175170,0.806907797759434,0.8193359375,0,0.0,0.0,163.68218027305505,1326.277543699951,82.1414794921875,0.03612654283642769,0.9239683151245117,0.7560038566589355,0.0,1245,41518,-0.001103474050372218,20.706811269124348,0.2742949922879537,0.0007441800808010157,0.02789725922048092,49.97452688217163,2
219136,500000,176228,0.8041946553738317,0.81640625,0.813,5000,176847,0.8070193852219626,0.81884765625,0,0.0,0.0,163.9533363384689,1336.5754237999208,82.19184875488281,0.03656121343374252,0.9256694316864014,0.7573372721672058,0.0,1257,41673,0.001910290001736333,18.07967257499695,0.273534948627154,0.0010656761654293707,0.05010066111572087,52.158967812856034,2
221184,500000,177872,0.8041811342592593,0.802734375,0.8106,5000,178495,0.8069977936921297,0.8046875,0,0.0,0.0,164.23110952613513,1346.7850313999224,81.4688720703125,0.036184895783662796,0.9318169355392456,0.750911295413971,0.0,1269,43356,0.0003445484326221049,18.486366271972656,0.2729136322935422,0.0008503644300314287,0.03689763695001602,60.221716721852616,2
223232,500000,179539,0.8042708930619266,0.81396484375,0.8104,5000,180165,0.807075150516055,0.8154296875,0,0.0,0.0,164.47925353816845,1357.204602999962,81.89268493652344,0.03701029717922211,0.9311507940292358,0.7583589553833008,0.0,1281,41984,-0.001860880118329078,17.82167132695516,0.27227512995402015,0.0010120962201654038,0.045562744140625,40.10845152537028,2
225280,500000,181203,0.804345703125,0.8125,0.8112,5000,181831,0.8071333451704545,0.8134765625,0,0.0,0.0,164.72206189119953,1367.6370815999107,82.001220703125,0.03653344139456749,0.9313855171203613,0.7585195899009705,0.0,1293,42147,-0.0012567864711551615,16.941056966781616,0.2714704299966494,0.0012986720604430957,0.060879011638462543,43.03303019205729,2
227328,500000,182860,0.8043883727477478,0.80908203125,0.8146,5000,183491,0.8071640976914415,0.810546875,0,0.0,0.0,163.66708644861342,1388.965887599974,81.75889587402344,0.03712520748376846,0.9338677525520325,0.7563945055007935,0.0,1305,42567,-0.0008777969972773765,17.928841749827065,0.27078391859928763,0.0010439832673606966,0.04755012209837635,41.857484340667725,2
229376,500000,184511,0.8044041224888393,0.80615234375,0.809,5000,185143,0.807159423828125,0.806640625,0,0.0,0.0,163.94837690349888,1399.0745399999432,81.77397155761719,0.03716811165213585,0.9310776591300964,0.7526930570602417,0.0,1317,42945,0.001954915855700771,17.24851655960083,0.2700861692428589,0.0011731593605569892,0.05492011519769827,35.35441621144612,2
231424,500000,186144,0.8043418141592921,0.79736328125,0.802,5000,186777,0.8070770533738938,0.7978515625,0,0.0,0.0,164.2370593519065,1409.0851413999917,81.39370727539062,0.03702978417277336,0.9372144937515259,0.7495933771133423,0.0,1329,44011,0.002560658826647947,15.99480644861857,0.26929425199826557,0.0014676535015496484,0.06475657100478807,46.07722075780232,2
233472,500000,187763,0.8042206345942983,0.79052734375,0.7956,5000,188401,0.8069532963267544,0.79296875,0,0.0,0.0,164.5094834415317,1419.2008576999651,81.26873779296875,0.03616872802376747,0.9322490692138672,0.7419315576553345,0.0,1341,44889,0.0038197493219437697,17.290059407552082,0.26860179503758747,0.0021833066499918155,0.10075790186723073,58.26878309249878,2
235520,500000,189424,0.8042798913043478,0.81103515625,0.8014,5000,190067,0.8070100203804348,0.8134765625,0,0.0,0.0,164.78149272840218,1429.2867245000089,82.30514526367188,0.035943273454904556,0.9225616455078125,0.7496330142021179,0.0,1353,42371,0.00032286664160589373,19.843336264292397,0.2679744238654772,0.0014396458867243684,0.07216632924973965,35.165957291920975,2
237568,500000,191063,0.8042455212823276,0.80029296875,0.803,5000,191707,0.8069563240840517,0.80078125,0,0.0,0.0,163.7892543952574,1450.4492427000077,81.7948989868164,0.03633014112710953,0.9282255172729492,0.7465622425079346,0.0,1365,43662,0.002213878867526849,17.740773836771645,0.26738482216993964,0.0009594633633393338,0.043702029933532074,53.91765626271565,2
239616,500000,192693,0.8041741786858975,0.7958984375,0.8022,5000,193340,0.8068743322649573,0.79736328125,0,0.0,0.0,164.0267480921356,1460.8349112999858,81.68904113769531,0.03647362440824509,0.9313006401062012,0.7447155714035034,0.0,1377,44218,8.902164699975401e-05,17.318949858347573,0.2667909786105156,0.0009329892751945105,0.03854014165699482,29.199350436528523,2
241664,500000,194366,0.8042819782838984,0.81689453125,0.8054,5000,195015,0.8069675251588984,0.81787109375,0,0.0,0.0,164.2510381785012,1471.3088128999807,82.34243774414062,0.03624851256608963,0.9281437993049622,0.760358452796936,0.0,1389,41619,0.003315041229749719,17.515135447184242,0.26614878575007117,0.002652784025940491,0.13010199119647342,60.54648407300313,2
243712,500000,196013,0.8042812828256303,0.80419921875,0.8086,5000,196666,0.8069606748949579,0.80615234375,0,0.0,0.0,164.5095176720264,1481.4462010998977,81.82896423339844,0.036358628422021866,0.9309067726135254,0.7514650225639343,0.0,1401,43191,0.003284842668411632,17.65148671468099,0.2656580333908399,0.00222887562199503,0.10781062891085942,75.95078722635904,2
245760,500000,197683,0.8043741861979167,0.8154296875,0.81,5000,198341,0.8070515950520833,0.81787109375,0,0.0,0.0,164.77106939930388,1491.5239726,82.587646484375,0.035794422030448914,0.925201416015625,0.7544554471969604,0.0,1413,41802,-0.001935732221075644,19.038025538126625,0.265291487177213,0.0026224341599269487,0.11798373594259222,63.293953816095986,2
247808,500000,199334,0.804388881714876,0.80615234375,0.8092,5000,200000,0.8070764462809917,0.81005859375,0,0.0,0.0,163.85108269224304,1512.397696299944,82.70112609863281,0.03507625684142113,0.917510986328125,0.741571843624115,0.0,1425,42949,0.001604794233571738,21.065556049346924,0.2647441377242406,0.0023239968149179426,0.10702503037949403,41.09526165326436,2
249856,500000,200971,0.8043473040471312,0.79931640625,0.805,5000,201641,0.8070288486168032,0.80126953125,0,0.0,0.0,164.09927016452892,1522.5905620999401,82.10813903808594,0.03712119534611702,0.9189367294311523,0.7385357022285461,0.0,1437,43795,-0.0005815962601142625,22.729076385498047,0.2640165463089943,0.0015707499119343993,0.07783110936482747,35.01049486796061,2
251904,500000,202578,0.8041873094512195,0.78466796875,0.7962,5000,203266,0.8069185086382114,0.79345703125,0,0.0,0.0,164.32202456745577,1532.9898755999748,81.52821350097656,0.03657115250825882,0.9172740578651428,0.7266031503677368,0.0,1449,45610,0.00028492577257566154,23.78909969329834,0.2633093396822611,0.0010972091939341528,0.0508675305172801,40.5668785572052,2
253952,500000,204253,0.8042976625504032,0.81787109375,0.8006,5000,204945,0.8070225869455645,0.81982421875,0,0.0,0.0,164.56088669534105,1543.20996379992,82.81111145019531,0.0360974483191967,0.9199308156967163,0.7531066536903381,0.0,1461,41505,-0.0009301607497036457,20.99470567703247,0.2626294915874799,0.0013724241580348462,0.06455893783519664,45.58651987711588,2
256000,500000,205897,0.80428515625,0.802734375,0.8052,5000,206597,0.80701953125,0.806640625,0,0.0,0.0,164.77670434368773,1553.617673199973,82.01042938232422,0.0364927239716053,0.9240724444389343,0.7446330189704895,0.0,1473,43335,0.0019624196769048767,21.790162245432533,0.2619965597987175,0.001263510456738004,0.06123251188546419,24.954753239949543,2
258048,500000,207545,0.8042883494543651,0.8046875,0.8038,5000,208254,0.8070359002976191,0.80908203125,0,0.0,0.0,163.87657151768303,1574.6485151000088,82.4768295288086,0.036095473915338516,0.9187487363815308,0.7429549694061279,0.0,1485,43115,0.0015754231620424737,20.58434756596883,0.2613206605116526,0.00145150973867203,0.07011368436117967,46.83232967058817,2
260096,500000,209206,0.8043414739173228,0.81103515625,0.805,5000,209929,0.8071212167814961,0.81787109375,0,0.0,0.0,164.11771464157482,1584.8136842999374,82.33602905273438,0.035961221903562546,0.9200616478919983,0.7489556670188904,0.0,1497,42362,0.0026395817403681576,21.239300886789955,0.2607950295011202,0.0010641352699470492,0.04770189166689912,60.24044791857401,2
262144,500000,210884,0.8044586181640625,0.8193359375,0.814,5000,211608,0.807220458984375,0.81982421875,0,0.0,0.0,164.35266748418297,1595.009098499897,82.70866394042969,0.03584153950214386,0.9229855537414551,0.7565416097640991,0.0,1509,41329,0.0015523050678893924,19.60133647918701,0.2603414307037989,0.0009639285960171643,0.04182760758946339,57.036489168802895,2
264192,500000,212579,0.8046382933624031,0.82763671875,0.8204,5000,213309,0.8074014353197675,0.83056640625,0,0.0,0.0,164.57576407662881,1605.291043199948,82.83698272705078,0.03634260967373848,0.9226053357124329,0.7624941468238831,0.0,1519,40261,0.0007218574639409781,21.314771080017092,0.2599333286285401,0.001364096249199065,0.06433797553181649,61.54598722457886,2
266240,500000,214256,0.8047475961538462,0.81884765625,0.8236,5000,215000,0.8075420673076923,0.82568359375,0,0.0,0.0,164.75498996329623,1615.9753343999619,82.16981506347656,0.03643522039055824,0.924480140209198,0.7584993839263916,0.0,1531,41349,0.0011048297164961696,21.963452339172363,0.25952647378047305,0.0009714488348132969,0.04356963497896989,61.13741683959961,2
268288,500000,215969,0.804989414360687,0.83642578125,0.8286,5000,216724,0.807803554389313,0.841796875,0,0.0,0.0,163.81499393879943,1637.749961399939,82.98153686523438,0.03570522367954254,0.924095869064331,0.7711288928985596,0.0,1541,39177,-0.0002684374107047916,20.025202560424805,0.25913537144660953,0.0009372356980748009,0.04185934476554394,60.49589519500733,2
270336,500000,217652,0.8051165956439394,0.82177734375,0.8266,5000,218415,0.8079390092329546,0.82568359375,0,0.0,0.0,164.05635063480008,1647.8240491999313,82.41484069824219,0.0358707569539547,0.9239199161529541,0.7599798440933228,0.0,1553,40993,-0.017626730434130877,20.062388817469277,0.25876698394616443,0.0018058231117568841,0.09916116793950398,69.16211620966592,2
272384,500000,219356,0.8053189614661654,0.83203125,0.83,5000,220125,0.8081421816259399,0.8349609375,0,0.0,0.0,164.28505304089202,1657.996238599997,82.72904968261719,0.03662532940506935,0.9254051446914673,0.7674568891525269,0.0,1563,39696,-0.0003002040321007371,19.37462501525879,0.2584271728992462,0.0009611687659344171,0.0430812917649746,52.27915573120117,2
274432,500000,221012,0.8053434001865671,0.80859375,0.8196,5000,221784,0.8081564832089553,0.81005859375,0,0.0,0.0,164.5308981869652,1667.9663395999232,82.40335083007812,0.0360470749437809,0.9241423606872559,0.7484638690948486,0.0,1575,42663,0.0004261706102018555,19.314777533213295,0.2580430805683136,0.0008401850448838861,0.0378565089777112,111.9911060333252,2
276480,500000,222710,0.8055193865740741,0.8291015625,0.8198,5000,223491,0.8083441840277777,0.83349609375,0,0.0,0.0,164.76631534612545,1678.012883999967,82.70155334472656,0.03568819537758827,0.924072802066803,0.7641645073890686,0.0,1585,40104,0.00034394576214253904,19.91403789520264,0.25773681700229645,0.0007265259192536178,0.03021821938455105,99.9076250076294,2
278528,500000,224389,0.8056245691636029,0.81982421875,0.82,5000,225176,0.8084501378676471,0.82275390625,0,0.0,0.0,163.84317864440862,1699.967019099975,82.51564025878906,0.03602200001478195,0.9225684404373169,0.7564436197280884,0.0,1597,41272,-0.005926721962168813,19.634742736816406,0.2573583945631981,0.00065927675761183,0.024494660397370655,35.292668898900345,2
280576,500000,226049,0.8056604984032847,0.810546875,0.8164,5000,226841,0.8084832630018248,0.81298828125,0,0.0,0.0,163.98997603907245,1710.9338434999809,82.37448120117188,0.03629869967699051,0.9225642681121826,0.7487074136734009,0.0,1609,42403,-0.00034472489884744084,19.54407771428426,0.2567209551731745,0.0014635039179514326,0.07459635970493157,65.28717192014058,2
282624,500000,227727,0.8057595957880435,0.8193359375,0.8158,5000,228524,0.8085795969202898,0.82177734375,0,0.0,0.0,164.15614963231954,1721.6778087998973,82.53021240234375,0.035661403089761734,0.9256560802459717,0.7575525045394897,0.0,1621,41316,0.00240897173838069,18.049424171447754,0.2561164299647013,0.0007696499183869794,0.031580092695852116,44.297909816106156,2
284672,500000,229366,0.8057202675359713,0.80029296875,0.8104,5000,230168,0.8085375449640287,0.802734375,0,0.0,0.0,164.37187222422742,1731.8778215999482,82.04332733154297,0.03610619902610779,0.9223027229309082,0.7429996728897095,0.0,1633,43694,0.00014644988308039802,19.400222778320312,0.255518302321434,0.0013679373552501297,0.07114597037434578,30.98911682764689,2
286720,500000,231050,0.8058384486607143,0.822265625,0.8158,5000,231856,0.8086495535714285,0.82421875,0,0.0,0.0,164.58373389891574,1742.0919626000104,82.6607894897461,0.03643493726849556,0.9230331182479858,0.7597593069076538,0.0,1645,40963,-0.03611446122522466,17.884542653958,0.2550775607426961,0.0011997241310837126,0.059183756510416664,78.1180985768636,2
288768,500000,232721,0.8059099346187943,0.81591796875,0.8204,5000,233529,0.8087080285904256,0.81689453125,0,0.0,0.0,163.79176088697625,1763.0190824999008,82.4881591796875,0.036349423229694366,0.9212817549705505,0.7516981959342957,0.0,1657,41748,0.007104240270564333,21.43610668182373,0.2546274960041046,0.0009922374420057167,0.04548694069186846,47.25355728467305,2
290816,500000,234392,0.8059804137323944,0.81591796875,0.8132,5000,235202,0.8087656800176056,0.81689453125,0,0.0,0.0,164.00435644377288,1773.2211893999483,82.5751953125,0.03604855015873909,0.9233183860778809,0.7534744739532471,0.0,1669,41753,-0.005118312585788468,19.602890809377033,0.2540600970387459,0.0012114432452108304,0.057935126746694245,56.311486879984535,2
292864,500000,236067,0.8060635653409091,0.81787109375,0.8162,5000,236882,0.8088464270104895,0.8203125,0,0.0,0.0,164.20959205455353,1783.476813599933,82.69769287109375,0.03595222532749176,0.921127200126648,0.7544476985931396,0.0,1681,41492,-7.800468786930044e-05,19.42459694544474,0.2535153875748316,0.00043723177752023423,0.010186522811030347,69.51965204874674,2
294912,500000,237750,0.8061726888020834,0.82177734375,0.8202,5000,238571,0.8089565700954862,0.82470703125,0,0.0,0.0,164.40892946453513,1793.7711835999507,83.0760498046875,0.03581511601805687,0.9214026927947998,0.755495011806488,0.0,1693,41006,-0.012013628128139922,18.631441116333008,0.2530544598897298,0.0007718139280162479,0.029491922197242577,59.40702660878499,2
296960,500000,239427,0.8062601023706897,0.81884765625,0.8182,5000,240255,0.8090483566810345,0.822265625,0,0.0,0.0,164.60380105097997,1804.0895659999223,82.87770080566406,0.03646588698029518,0.9215391874313354,0.7523053288459778,0.0,1705,41393,0.012071552084914098,22.467399915059406,0.25259945293267566,0.001795807460287809,0.08576691585282484,73.05728832880655,2
299008,500000,241101,0.8063362853167808,0.8173828125,0.8184,5000,241936,0.809128852739726,0.82080078125,0,0.0,0.0,163.83077016042137,1825.1028162000002,82.48406982421875,0.036415405571460724,0.9216270446777344,0.7550570964813232,0.0,1717,41560,-0.00040690515500803787,20.205012003580727,0.2521050622065862,0.0011243859906547489,0.05262790247797966,59.987153848012284,2
301056,500000,242783,0.8064380048894558,0.8212890625,0.8188,5000,243626,0.8092381483843537,0.8251953125,0,0.0,0.0,164.03890177935503,1835.2719795999583,82.80128479003906,0.03651544451713562,0.9215603470802307,0.7543678283691406,0.0,1729,41114,-0.00209445054254805,20.988040288289387,0.2517048344016075,0.0008630883219969594,0.03578390801946322,39.84496521949768,2
303104,500000,244436,0.8064426731418919,0.80712890625,0.8154,5000,245283,0.8092370935388513,0.80908203125,0,0.0,0.0,164.22714528174635,1845.638852700009,82.45379638671875,0.03616679832339287,0.9236431121826172,0.7451956272125244,0.0,1741,42858,0.002490252760859827,19.967501322428383,0.25122621158758796,0.0008779469573407065,0.03874346396575371,39.365568478902176,2
305152,500000,246103,0.8064931575083892,0.81396484375,0.8108,5000,246954,0.8092819316275168,0.81591796875,0,0.0,0.0,164.41201089851103,1856.020118799992,82.98394012451172,0.03578096255660057,0.9230120778083801,0.7506646513938904,0.0,1753,42020,0.0033451227548842626,20.650449752807617,0.2507148012518883,0.0014384743700096199,0.07396785294016202,71.1245584487915,2
307200,500000,247771,0.8065462239583333,0.814453125,0.8114,5000,248630,0.8093424479166667,0.818359375,0,0.0,0.0,164.61623792271925,1866.1585507999407,82.51547241210938,0.0365319699048996,0.9249789118766785,0.7549875378608704,0.0,1765,41928,-0.002271834275840471,19.61647001902262,0.25018744419018424,0.000981220410191478,0.044576429296284914,52.23447505633036,2
309248,500000,249471,0.8067020643625827,0.830078125,0.8214,5000,250332,0.8094862375827815,0.8310546875,0,0.0,0.0,163.82846761291918,1887.6328668999486,83.20616149902344,0.035989563912153244,0.9230326414108276,0.7632064819335938,0.0,1775,40047,0.0008386256638914347,20.602090454101564,0.2496733605861664,0.000769808938366623,0.03366464031860233,86.15101966857911,2
311296,500000,251129,0.8067209344161185,0.8095703125,0.8202,5000,251999,0.8095157020970395,0.81396484375,0,0.0,0.0,164.02980147323692,1897.8014799999073,82.89585876464844,0.03657090663909912,0.9228322505950928,0.7480553388595581,0.0,1787,42564,0.0010049819296303515,19.92654514312744,0.24931695808966953,0.0004329607484881611,0.010829453201343615,66.70322704315186,2
313344,500000,252806,0.8068001940359477,0.81884765625,0.8162,5000,253682,0.8095958435457516,0.82177734375,0,0.0,0.0,164.2319938864668,1907.935187199968,82.97685241699219,0.035316795110702515,0.9223896265029907,0.7557276487350464,0.0,1799,41366,-0.009144219880302746,21.298941135406494,0.24897135545810062,0.000442840047677843,0.01013559413452943,59.111488819122314,2
315392,500000,254503,0.8069418374594156,0.82861328125,0.8198,5000,255383,0.8097320160308441,0.83056640625,0,0.0,0.0,164.43737934468734,1918.006728499895,83.12382507324219,0.035691194236278534,0.927248477935791,0.7658525705337524,0.0,1809,40146,-0.00039804666303098205,19.639054489135745,0.24860110729932786,0.0006273555389270769,0.021611570939421655,43.5909649848938,2
317440,500000,256190,0.8070501512096774,0.82373046875,0.8244,5000,257077,0.8098443800403226,0.8271484375,0,0.0,0.0,164.63409229098494,1928.1547071000095,82.89134216308594,0.035324838012456894,0.9248050451278687,0.76084303855896,0.0,1819,40756,-7.431969279423357e-05,20.338943481445312,0.2482466459274292,0.0005091367485874799,0.018160455953329803,95.20282211303712,2
319488,500000,257856,0.8070913461538461,0.8134765625,0.818,5000,258752,0.8098958333333334,0.81787109375,0,0.0,0.0,163.89251163979964,1949.375214300002,82.51289367675781,0.03664573282003403,0.9256400465965271,0.7530692219734192,0.0,1831,42033,-0.0011469021749993165,20.568649768829346,0.24783666680256525,0.0007471241436481553,0.03066943632438779,37.06821457544962,2
321536,500000,259557,0.8072408688296179,0.83056640625,0.8242,5000,260459,0.8100461534633758,0.83349609375,0,0.0,0.0,164.0753900874637,1959.6845073999139,83.2016830444336,0.03577549755573273,0.9249558448791504,0.7647476196289062,0.0,1841,39928,0.0012120615458115936,20.124167251586915,0.24725979566574097,0.001199169154642732,0.06155806686729193,91.61110239028932,2
323584,500000,261274,0.8074379450158228,0.83837890625,0.8288,5000,262181,0.8102409266218354,0.8408203125,0,0.0,0.0,164.26565557993834,1969.8822547999443,83.20841979980469,0.03610788285732269,0.9255859851837158,0.7723404169082642,0.0,1851,38978,0.0007073770742863418,20.623748588562012,0.24681747108697893,0.0006409124234778574,0.023358596581965686,59.896450996398926,2
325632,500000,262956,0.8075250589622641,0.8212890625,0.828,5000,263868,0.810325766509434,0.82373046875,0,0.0,0.0,164.46263489825608,1979.9755743999267,82.83660125732422,0.036392226815223694,0.925505518913269,0.7595211267471313,0.0,1863,41081,-0.025335608409174405,19.944145361582436,0.24644506722688675,0.0010491931999846806,0.04694149891535441,122.65192031860352,2
327680,500000,264625,0.8075714111328125,0.81494140625,0.8244,5000,265539,0.8103607177734375,0.81591796875,0,0.0,0.0,164.6505028271496,1990.154869699967,82.78654479980469,0.03518940880894661,0.9239667654037476,0.7527181506156921,0.0,1875,41864,-0.0020510928394893804,20.055805842081703,0.2460521198809147,0.0010498450214981858,0.04814233475675185,38.35427474975586,2
329728,500000,266275,0.8075595642468945,0.8056640625,0.8072,5000,267192,0.8103406444099379,0.80712890625,0,0.0,0.0,163.90695505860796,2011.6779051999329,82.51182556152344,0.03617670387029648,0.927308976650238,0.7474631667137146,0.0,1887,43038,-0.003555724862962961,19.247102578481037,0.24539551511406898,0.0008477312447515335,0.0345835629850626,42.34086275100708,2
331776,500000,267940,0.807593074845679,0.81298828125,0.8112,5000,268865,0.8103811005015432,0.81689453125,0,0.0,0.0,164.09402214090832,2021.8652432999806,82.69353485107422,0.03686713054776192,0.9224573373794556,0.7502782344818115,0.0,1899,42120,-0.00037116536987014115,20.605215231577553,0.24476026743650436,0.0015403408711639106,0.0770133181164662,33.57724507649739,2
333824,500000,269643,0.8077400067101227,0.83154296875,0.8218,5000,270574,0.8105289014570553,0.83447265625,0,0.0,0.0,164.26729760908722,2032.1999865999678,83.05120849609375,0.036132488399744034,0.9275757074356079,0.7695212960243225,0.0,1909,39775,0.0007806313224136829,18.805785560607912,0.24416361451148988,0.0009210485697622062,0.04101130980998278,27.68353796005249,2
335872,500000,271295,0.8077333031631098,0.806640625,0.82,5000,272232,0.810523056402439,0.8095703125,0,0.0,0.0,164.4346569373081,2042.5864367999602,82.45610046386719,0.035975873470306396,0.9273991584777832,0.7503275871276855,0.0,1921,42890,-0.0013382784090936184,18.793560028076172,0.24346257373690605,0.0013926391150865431,0.06929566959540048,72.11016416549683,2
337920,500000,272985,0.8078391335227273,0.8251953125,0.8164,5000,273930,0.8106356534090909,0.8291015625,0,0.0,0.0,164.6055225838216,2052.908035499975,82.79309844970703,0.03569949045777321,0.9292492866516113,0.76535964012146,0.0,1931,40631,0.0024389935657382015,19.12297115325928,0.2429494008421898,0.0017109649490521406,0.0839670172892511,63.48373184204102,2
339968,500000,274666,0.8079172157379518,0.82080078125,0.8192,5000,275615,0.8107086549322289,0.82275390625,0,0.0,0.0,163.91287538792338,2074.077458499931,82.7259750366211,0.03678017854690552,0.9242596626281738,0.7587094306945801,0.0,1943,41128,-0.0032881342340260744,20.274272441864014,0.24250854675968486,0.0009222828995613478,0.03929162405741711,55.38513445854187,2
342016,500000,276333,0.8079534290793413,0.81396484375,0.819,5000,277287,0.8107427722679641,0.81640625,0,0.0,0.0,164.09042769689245,2084.314147999976,82.97908020019531,0.035708263516426086,0.9203592538833618,0.7485886216163635,0.0,1955,42008,0.005687973423240085,20.759633382161457,0.24205977221330005,0.0013402561504184025,0.06478843030830224,31.136412382125854,2
344064,500000,278016,0.8080357142857143,0.82177734375,0.8174,5000,278976,0.8108258928571429,0.82470703125,0,0.0,0.0,164.2489807520328,2094.770989899989,82.9013671875,0.03586166352033615,0.9228107929229736,0.7580927014350891,0.0,1967,41020,-0.013675983839978773,21.037776788075764,0.24153456836938858,0.001236768778805223,0.05820448215429981,69.46426637967427,2
346112,500000,279713,0.8081574750369822,0.82861328125,0.8214,5000,280678,0.8109455898668639,0.8310546875,0,0.0,0.0,164.41820784204555,2105.0709926999407,82.94380187988281,0.035707343369722366,0.9259411692619324,0.766405463218689,0.0,1977,40175,0.0005454441532492638,20.523912048339845,0.24111994802951814,0.0008350296018761583,0.03765415623784066,43.45281620025635,2
348160,500000,281379,0.8081887637867647,0.8134765625,0.8196,5000,282347,0.8109690946691176,0.81494140625,0,0.0,0.0,164.58701231980496,2115.355246399995,82.41163635253906,0.036104198545217514,0.9287230968475342,0.7539061307907104,0.0,1989,42099,0.0026059196485827365,19.46677811940511,0.240688764800628,0.0010636562545490353,0.05107775439197818,38.611295223236084,2
350208,500000,283024,0.8081597222222222,0.80322265625,0.8106,5000,283996,0.8109352156432749,0.80517578125,0,0.0,0.0,163.9018276263495,2136.693684699945,81.9659194946289,0.03595580533146858,0.9318397045135498,0.7514554262161255,0.0,2001,43344,-0.0007532718785417576,18.90074316660563,0.24020963410536447,0.0008279163600188136,0.03522902804737289,88.97855234146118,2
352256,500000,284715,0.8082616051962209,0.82568359375,0.8134,5000,285688,0.811023800872093,0.826171875,0,0.0,0.0,164.05093309591808,2147.2355770999566,83.21672821044922,0.035405367612838745,0.9289630651473999,0.7646983861923218,0.0,2011,40574,0.00021945133339613677,17.729130935668945,0.2398607596755028,0.000915290710508998,0.04093780312687159,27.17675075531006,2
354304,500000,286392,0.8083227962427746,0.81884765625,0.8192,5000,287367,0.8110746703395953,0.81982421875,0,0.0,0.0,164.20459500787965,2157.698449199903,82.93428039550781,0.03618316352367401,0.9252336025238037,0.757728099822998,0.0,2023,41377,-0.0020101920914991447,19.33973487218221,0.23945830886562663,0.0010723871146183228,0.04970323108136654,42.24742317199707,2
356352,500000,288101,0.8084730827945402,0.83447265625,0.827,5000,289081,0.8112231725933908,0.8369140625,0,0.0,0.0,164.38527805245957,2167.7853650999023,83.38976287841797,0.03588308393955231,0.9258066415786743,0.7680073976516724,0.0,2033,39445,-0.0003739229403436184,20.724162101745605,0.2390209510922432,0.0006517911277114764,0.022599670290946963,24.626804447174074,2
358400,500000,289762,0.8084877232142857,0.81103515625,0.8212,5000,290746,0.8112332589285715,0.81298828125,0,0.0,0.0,164.5462506284718,2178.1110090999864,82.76734924316406,0.03625315800309181,0.9260395169258118,0.7500520944595337,0.0,2045,42357,-0.0030647463475664454,19.66465059916178,0.23844160760442415,0.0007019310451141791,0.02718000626191497,73.28110822041829,2
360448,500000,291449,0.8085743297230114,0.82373046875,0.8206,5000,292436,0.8113125887784091,0.8251953125,0,0.0,0.0,163.87728935352115,2199.49940239999,82.9742660522461,0.03586067631840706,0.9258303642272949,0.7614169716835022,0.0,2055,40801,9.222289081662894e-05,20.449205017089845,0.2379884034395218,0.0004500386176005122,0.012972292175982149,45.51658306121826,2
362496,500000,293108,0.8085827153954802,0.81005859375,0.8156,5000,294100,0.8113192973163842,0.8125,0,0.0,0.0,164.02119527825204,2210.0558368999045,82.72230529785156,0.0368824377655983,0.9248079061508179,0.7496349811553955,0.0,2067,42474,0.004671808526230355,20.6257479985555,0.2374038149913152,0.0017615008298434987,0.08462794559697309,35.89527781804402,2
364544,500000,294804,0.808692503511236,0.828125,0.8202,5000,295799,0.8114219408356742,0.82958984375,0,0.0,0.0,164.19643467592803,2220.170009900001,83.49681091308594,0.03552842512726784,0.9241333603858948,0.7613415718078613,0.0,2077,40246,0.0008877999382093549,20.34744815826416,0.23680460900068284,0.0010433562283651554,0.04863171558827162,60.461610603332524,2
366592,500000,296476,0.8087355970670391,0.81640625,0.821,5000,297474,0.8114579696229051,0.81787109375,0,0.0,0.0,164.3716086438181,2230.263504899922,82.88809204101562,0.03653089702129364,0.9251009821891785,0.7550326585769653,0.0,2089,41688,-0.0006075999505507449,20.14864381154378,0.23622007916371027,0.0011658540222470037,0.05403858268012603,32.89250604311625,2
368640,500000,298146,0.8087727864583333,0.8154296875,0.8168,5000,299150,0.8114963107638888,0.818359375,0,0.0,0.0,164.54844524530674,2240.3128722999245,83.16293334960938,0.03543742001056671,0.9231493473052979,0.7542325258255005,0.0,2101,41770,-0.005072807000639537,19.790512402852375,0.2355337565143903,0.0009343039467542742,0.04083734222998221,44.36317324638367,2
370688,500000,299874,0.8089660307320442,0.84375,0.829,5000,300886,0.8116960894337016,0.84765625,0,0.0,0.0,163.91990949600148,2261.397051399923,83.68559265136719,0.03515966236591339,0.9260293245315552,0.776048481464386,0.0,2111,38278,-0.00024255712050944567,20.235296440124515,0.23512794226408007,0.0004708950758868014,0.01569284964352846,92.36883182525635,2
372736,500000,301521,0.8089398394574175,0.80419921875,0.824,5000,302542,0.8116790436126373,0.80859375,0,0.0,0.0,164.0795903665569,2271.6780262999237,82.48792266845703,0.03573525324463844,0.9264187812805176,0.7473262548446655,0.0,2123,43211,9.050515169898668e-05,20.55224084854126,0.23476776108145714,0.0007186348680079391,0.03068220031370098,30.575518369674683,2
374784,500000,303192,0.8089779713114754,0.81591796875,0.8182,5000,304214,0.81170487534153,0.81640625,0,0.0,0.0,164.23955936501105,2281.9350066999905,83.23019409179688,0.03586800396442413,0.9232638478279114,0.7539838552474976,0.0,2135,41752,-9.83076946189006e-06,19.937132517496742,0.23426392301917076,0.0011720703334200757,0.05830285667131344,64.44201254844666,2
376832,500000,304881,0.8090634553328805,0.82470703125,0.8164,5000,305912,0.8117994225543478,0.8291015625,0,0.0,0.0,164.39787085853527,2292.195136299939,83.37420654296875,0.03581469878554344,0.9236131906509399,0.7595472931861877,0.0,2145,40689,-0.0005671949591487647,20.62328510284424,0.23379464000463487,0.0005424433722510003,0.018156269006431105,43.75899314880371,2
378880,500000,306542,0.8090741131756757,0.81103515625,0.8188,5000,307581,0.81181640625,0.81494140625,0,0.0,0.0,164.55405765185657,2302.4652530999156,83.11570739746094,0.03584447130560875,0.9217528700828552,0.7487239837646484,0.0,2157,42387,-0.000869045111661156,20.680596192677815,0.23317793011665344,0.0008658448710624118,0.03488117782399058,57.99514762560526,2
380928,500000,308221,0.8091319094422043,0.81982421875,0.8176,5000,309265,0.8118725848454301,0.822265625,0,0.0,0.0,163.94609132792377,2323.495466799941,83.28921508789062,0.03541528061032295,0.9235022068023682,0.7543438076972961,0.0,2169,41283,-0.0027914912983154254,22.182841459910073,0.23265530044833818,0.0007506314063903119,0.030299073550850153,105.57186396916707,2
382976,500000,309899,0.8091864764371658,0.8193359375,0.8162,5000,310949,0.8119281626002673,0.822265625,0,0.0,0.0,164.11270898462644,2333.6157349999994,83.0155258178711,0.036149412393569946,0.9237450361251831,0.755504310131073,0.0,2181,41366,0.0007482846267521381,21.17183526357015,0.23231077194213867,0.0010386548974565812,0.051505904023845986,62.77554519971211,2
385024,500000,311547,0.8091625457114362,0.8046875,0.8134,5000,312603,0.811905231881649,0.8076171875,0,0.0,0.0,164.26428603920297,2343.93007319991,82.3499526977539,0.03620515018701553,0.9280028939247131,0.7485431432723999,0.0,2193,43147,0.0006191242136992514,20.217769940694172,0.23200689628720284,0.0006893382277060784,0.025547366434087355,44.6232271194458,2
387072,500000,313239,0.8092525421626984,0.826171875,0.818,5000,314300,0.8119936342592593,0.82861328125,0,0.0,0.0,164.42301702865186,2354.122962799971,83.17041015625,0.036183107644319534,0.9265918731689453,0.7628353834152222,0.0,2203,40447,-0.0005409109173342586,18.52395896911621,0.23163728266954423,0.0008592137777668541,0.038397558405995375,34.172096252441406,2
389120,500000,314920,0.809313322368421,0.82080078125,0.8198,5000,315983,0.8120451274671052,0.82177734375,0,0.0,0.0,164.57348849556232,2364.4148492999375,83.052734375,0.03580747917294502,0.9288167953491211,0.7593989968299866,0.0,2215,41122,-0.010056456230813637,19.06073808670044,0.23114198073744774,0.0007939689398881455,0.033359606129427746,85.42130359013875,2
391168,500000,316598,0.8093657967931938,0.8193359375,0.8198,5000,317665,0.8120935250327225,0.8212890625,0,0.0,0.0,163.99314261446818,2385.270467799972,83.18668365478516,0.035896241664886475,0.9261202812194824,0.7570359706878662,0.0,2227,41377,-0.0009213181911036372,18.92277654012044,0.23077284668882686,0.0008002770960805112,0.0350623798634236,52.087904930114746,2
393216,500000,318251,0.8093541463216146,0.80712890625,0.8128,5000,319325,0.8120854695638021,0.810546875,0,0.0,0.0,164.15761952198756,2395.356372399954,82.89181518554688,0.03582422807812691,0.924180269241333,0.7460199594497681,0.0,2239,42847,0.00015486450138268992,20.16304063796997,0.2303429233531157,0.0008175283963585873,0.03105593480480214,28.822341918945312,2
395264,500000,319896,0.8093223769430051,0.80322265625,0.8118,5000,320973,0.812047138115285,0.8046875,0,0.0,0.0,164.31668413099246,2405.5013164998963,82.54590606689453,0.03672613203525543,0.9263507127761841,0.7456911206245422,0.0,2251,43352,-0.002005185408052057,18.7589111328125,0.22986299792925516,0.0006473757909096396,0.021762299351394176,51.146287997563675,2
397312,500000,321560,0.809338756443299,0.8125,0.8108,5000,322642,0.8120620570231959,0.81494140625,0,0.0,0.0,164.47343125586792,2415.660675199935,83.063232421875,0.03503534942865372,0.923844575881958,0.7491519451141357,0.0,2263,42189,0.0031902322856088476,21.305056254069008,0.22942713027199108,0.00060326045028584,0.019310028525069356,69.52622032165527,2
399360,500000,323248,0.8094150641025641,0.82421875,0.8154,5000,324336,0.8121394230769231,0.8271484375,0,0.0,0.0,164.6073259742779,2426.1374616000103,83.4574966430664,0.03592933341860771,0.9219458103179932,0.7583605051040649,0.0,2273,40731,-0.0003444209694862366,21.373501968383792,0.22907256782054902,0.0004159113843343221,0.013010333199054003,39.64420719146729,2
401408,500000,324909,0.8094233298788265,0.81103515625,0.8204,5000,326001,0.8121437539859694,0.81298828125,0,0.0,0.0,163.97735048074966,2447.9478343999945,82.82865905761719,0.03577699512243271,0.9259706735610962,0.7508528232574463,0.0,2285,42341,0.0015570318015913167,19.73760732014974,0.22869941964745522,0.0007908819378220262,0.03102731673667828,34.68205006917317,2
403456,500000,326569,0.8094290331535533,0.810546875,0.8116,5000,327666,0.8121480409263959,0.81298828125,0,0.0,0.0,164.10279050349078,2458.556608099956,83.09298706054688,0.035259854048490524,0.9241905212402344,0.7485275864601135,0.0,2297,42436,0.0015343034756369889,20.326072216033936,0.22814732665816942,0.0017503904688661955,0.08220266737043858,51.635480324427284,2
405504,500000,328238,0.8094568734217171,0.81494140625,0.8136,5000,329340,0.8121744791666666,0.8173828125,0,0.0,0.0,164.25498777773203,2468.746949399938,83.2697525024414,0.0357380211353302,0.9197756052017212,0.7486073970794678,0.0,2309,41876,-0.0010314002156519564,21.896312077840168,0.2276055912176768,0.0010550802073036416,0.048792809868852295,100.47546434402466,2
407552,500000,329903,0.8094746191896985,0.81298828125,0.8154,5000,331011,0.8121932906721105,0.81591796875,0,0.0,0.0,164.41818434810645,2478.752588199917,83.49628448486328,0.035314373672008514,0.9179513454437256,0.7460370063781738,0.0,2321,42098,0.0008983465765292445,22.415480295817055,0.22728074093659717,0.0009456327126523926,0.043116010434459895,45.287657737731934,2
409600,500000,331579,0.80951904296875,0.818359375,0.8138,5000,332698,0.8122509765625,0.82373046875,0,0.0,0.0,164.56631205564983,2488.9662706999807,83.31852722167969,0.035424359142780304,0.9214417934417725,0.7517277598381042,0.0,2333,41378,0.007256262896892925,21.792411963144936,0.2268837032218774,0.001387650962594004,0.06487710975731412,61.075439532597855,2
411648,500000,333279,0.8096213269589553,0.830078125,0.8206,5000,334399,0.8123420981032339,0.83056640625,0,0.0,0.0,163.96109394394833,2510.6443857999984,83.62117004394531,0.03573533892631531,0.9256402254104614,0.7639614939689636,0.0,2343,39963,0.0008991804672405124,19.671171951293946,0.22643378227949143,0.0011944096137995075,0.059461610764265066,34.2371488571167,2
413696,500000,334953,0.8096597501547029,0.8173828125,0.822,5000,336079,0.8123815555383663,0.8203125,0,0.0,0.0,164.0627998292049,2521.571010799962,82.9352035522461,0.03568555787205696,0.9289858937263489,0.7575842142105103,0.0,2355,41577,0.002331102266907692,19.801497618357338,0.22596915811300278,0.0010144702099144827,0.04827907246847947,61.70354541142781,2
415744,500000,336646,0.8097434959975369,0.82666015625,0.825,5000,337775,0.8124591094519704,0.828125,0,0.0,0.0,164.19519361062626,2532.0107785,83.51583862304688,0.03603599965572357,0.9264038801193237,0.763468861579895,0.0,2365,40395,0.0005290088476613164,20.293592262268067,0.22555271685123446,0.0007761703533105902,0.0338333947584033,36.00075397491455,2
417792,500000,338323,0.8097881242340687,0.81884765625,0.8202,5000,339457,0.8125023935355392,0.8212890625,0,0.0,0.0,164.33198453858878,2542.365694499924,83.47052764892578,0.03599982336163521,0.9220694303512573,0.7544645071029663,0.0,2377,41373,0.0024519596675721305,20.284810066223145,0.22512823343276978,0.0014262445668009605,0.0709767440954844,56.273573795954384,2
419840,500000,340003,0.809839462652439,0.8203125,0.8258,5000,341143,0.8125547827743902,0.8232421875,0,0.0,0.0,164.47183394466822,2552.6559163999045,83.50188446044922,0.035465240478515625,0.9218319654464722,0.7549567818641663,0.0,2389,41171,-0.01289278301798428,19.42510461807251,0.2247238556543986,0.0008115912440492441,0.033480483417709664,69.14338159561157,2
421888,500000,341656,0.8098263046116505,0.80712890625,0.8142,5000,342801,0.8125402950546117,0.8095703125,0,0.0,0.0,163.91609573989214,2573.804592499975,83.20282745361328,0.035998791456222534,0.9231367707252502,0.7445975542068481,0.0,2401,42846,0.0014966969126059362,20.429874897003174,0.22443028663595516,0.0007544812522534509,0.028319784129659333,76.32163556416829,2
423936,500000,343318,0.8098345033212561,0.8115234375,0.811,5000,344469,0.8125495357789855,0.814453125,0,0.0,0.0,164.06124383771206,2584.0106419000076,83.2522964477539,0.03592696040868759,0.9222248196601868,0.748695433139801,0.0,2413,42277,0.0005324350592369834,20.606966495513916,0.22418598954876262,0.000778757182767246,0.03148967601979772,100.79264815648396,2
425984,500000,344984,0.8098520132211539,0.8134765625,0.81,5000,346142,0.8125704251802884,0.81689453125,0,0.0,0.0,164.19599144079524,2594.3629698998993,83.32864379882812,0.036695677787065506,0.922238826751709,0.7507258057594299,0.0,2425,42036,0.003091910252502809,20.509395917256672,0.22389167547225952,0.0008375865833537924,0.038425903767347336,64.92951957384744,2
428032,500000,346660,0.8098927183014354,0.818359375,0.8172,5000,347820,0.8126027960526315,0.8193359375,0,0.0,0.0,164.33468000844547,2604.6358563998947,83.24661254882812,0.03691093251109123,0.9252591133117676,0.7558550834655762,0.0,2437,41410,-0.0020269007557847845,20.050699710845947,0.22354532778263092,0.0006883099057025295,0.02637663669884205,48.31712690989176,2
430080,500000,348326,0.8099097842261904,0.8134765625,0.8154,5000,349489,0.8126139322916667,0.81494140625,0,0.0,0.0,164.47143438257555,2614.9221693999134,82.79796600341797,0.03639627620577812,0.9285212755203247,0.7555223107337952,0.0,2449,41991,-0.0007985378421532611,20.585544109344482,0.22314557929833728,0.0008123944057842891,0.033691988326609135,42.910148779551186,2
432128,500000,350001,0.8099475155509479,0.81787109375,0.8152,5000,351168,0.8126481042654028,0.81982421875,0,0.0,0.0,163.94102375319915,2635.8747194999596,83.29077911376953,0.035896532237529755,0.9245579242706299,0.756371259689331,0.0,2461,41435,0.002421025225582222,19.566995779673256,0.22274218748013178,0.0009081624323243886,0.041321957018226385,65.51935021082559,2
434176,500000,351666,0.8099618587853774,0.81298828125,0.8136,5000,352839,0.8126635281544812,0.81591796875,0,0.0,0.0,164.0942803420183,2645.8935624998994,83.12247467041016,0.03570905327796936,0.9253426194190979,0.7536347508430481,0.0,2473,42122,-0.0012708485786182184,20.739282608032227,0.2224067561328411,0.000503055543958908,0.015592906721091518,65.95612780253092,2
436224,500000,353364,0.8100517165492958,0.8291015625,0.8194,5000,354541,0.8127498716255869,0.8310546875,0,0.0,0.0,164.24492962222226,2655.935869699926,83.86185455322266,0.03559258580207825,0.9264742136001587,0.7641826272010803,0.0,2483,40119,-0.0003694924293085933,19.197965240478517,0.22213502675294877,0.0005900770535845368,0.020963350217789414,51.30110778808594,2
438272,500000,355049,0.8101110725759346,0.82275390625,0.8246,5000,356235,0.8128171546436916,0.8271484375,0,0.0,0.0,164.3902683139823,2666.0458948999876,83.2236328125,0.0361708328127861,0.924275815486908,0.7617056369781494,0.0,2493,40907,-5.9401849284768105e-05,22.799498558044434,0.22183254808187486,0.0006172160569803964,0.021154411323368552,26.652490615844727,2
440320,500000,356721,0.8101403524709302,0.81640625,0.819,5000,357911,0.8128429324127907,0.818359375,0,0.0,0.0,164.51810597271498,2676.4227401999524,83.37413787841797,0.0357171855866909,0.923664927482605,0.7532858848571777,0.0,2505,41658,-0.007552248483989388,20.4147686958313,0.2213931841154893,0.0007236428186085201,0.027053935298075277,93.75557136535645,2
442368,500000,358391,0.8101648401331019,0.8154296875,0.8198,5000,359586,0.8128662109375,0.81787109375,0,0.0,0.0,163.98775333624994,2697.5672938999487,83.3695068359375,0.0363323837518692,0.9260368347167969,0.7528290748596191,0.0,2517,41746,0.0001619025133550167,19.671029885609943,0.2210268328587214,0.0005151401079122782,0.01881223606566588,60.92507982254028,2
444416,500000,360047,0.8101576000864056,0.80859375,0.8114,5000,361247,0.8128577728974654,0.81103515625,0,0.0,0.0,164.1165342486271,2707.929472399992,83.3613510131836,0.036094143986701965,0.9229202270507812,0.7461503744125366,0.0,2529,42645,0.000585621630307287,20.65809933344523,0.22067184994618097,0.0006302428333052982,0.021792177110910416,40.87707098325093,2
446464,500000,361691,0.8101235485951835,0.802734375,0.806,5000,362899,0.8128292538704128,0.806640625,0,0.0,0.0,164.25495951035117,2718.1157958999975,83.0232925415039,0.035857439041137695,0.9233676195144653,0.7438573837280273,0.0,2541,43371,-0.0017120336997322738,19.70546515782674,0.22025619819760323,0.0006745983299272968,0.02542558933297793,48.60879770914713,2
448512,500000,363375,0.8101789918664384,0.822265625,0.8144,5000,364585,0.812876801512557,0.8232421875,0,0.0,0.0,164.39412564237617,2728.272669399972,83.44741821289062,0.035666096955537796,0.9245114326477051,0.7579258680343628,0.0,2551,40959,-0.00017943683778867128,21.329319953918457,0.21979850679636004,0.0006610742655539071,0.024232181906700137,25.85564832687378,2
450560,500000,365065,0.8102472478693182,0.8251953125,0.8188,5000,366278,0.812939453125,0.82666015625,0,0.0,0.0,164.52926341845458,2738.4794086999027,83.69257354736328,0.03622996062040329,0.9234936237335205,0.7598987817764282,0.0,2561,40567,-5.1815346523653716e-05,20.774060821533205,0.21921411156654358,0.0007774623823934235,0.030620092526078224,33.61728782653809,2
452608,500000,366725,0.8102486036481901,0.810546875,0.8206,5000,367945,0.8129440929015838,0.81396484375,0,0.0,0.0,163.99748141178296,2759.8472616999643,83.11266326904297,0.03616645187139511,0.9268299341201782,0.7498828768730164,0.0,2573,42385,-0.0028447360382415354,21.743079821268715,0.21863648171226183,0.0009627026350547869,0.04611462354660034,75.78007777531941,2
454656,500000,368418,0.8103225295608109,0.82666015625,0.8192,5000,369641,0.813012475365991,0.828125,0,0.0,0.0,164.12083684558195,2770.251533799921,83.78166198730469,0.03617101162672043,0.9237866401672363,0.7611156702041626,0.0,2583,40448,-0.0001966386800631881,21.72401638031006,0.21817543506622317,0.0006679265851744277,0.024465332599356772,65.72608718872071,2
456704,500000,370076,0.8103191563901345,0.8095703125,0.8192,5000,371304,0.8130079876681614,0.81201171875,0,0.0,0.0,164.24640424965938,2780.6027296999237,83.27052307128906,0.03593429923057556,0.9202365875244141,0.7450116872787476,0.0,2595,42505,0.0015987397831243773,22.865333080291748,0.21775271246830621,0.0010409363345994884,0.04815617172668377,100.80842534701029,2
458752,500000,371764,0.8103812081473214,0.82421875,0.8212,5000,373001,0.8130776541573661,0.82861328125,0,0.0,0.0,164.37213926182397,2790.935264699976,83.82633209228516,0.03571360558271408,0.9205392599105835,0.7560207843780518,0.0,2605,40728,-0.00039228994864970446,22.18764591217041,0.21738991588354112,0.000602987187448889,0.019074952229857445,52.032627201080324,2
460800,500000,373417,0.8103667534722222,0.80712890625,0.8152,5000,374660,0.8130642361111111,0.81005859375,0,0.0,0.0,164.50187537487716,2801.183870699955,83.51228332519531,0.035793621093034744,0.9203990697860718,0.7417279481887817,0.0,2617,42831,0.00043823469119767344,21.553225676218666,0.21699174493551254,0.0006364020720563227,0.025236417228976883,43.755435148874916,2
462848,500000,375083,0.8103805136891593,0.8134765625,0.8142,5000,376327,0.8130682211006637,0.81396484375,0,0.0,0.0,163.9721027750996,2822.7240619999357,83.7213134765625,0.0352330319583416,0.9174206852912903,0.7452508807182312,0.0,2629,42044,0.0018253469994912543,22.8598895072937,0.2165471762418747,0.0009060537528663796,0.03797715560843547,49.49575503667195,2
464896,500000,376756,0.8104092098017621,0.81689453125,0.8148,5000,378009,0.8131044362610133,0.8212890625,0,0.0,0.0,164.10494444566427,2832.9189078999916,83.82122802734375,0.035578761249780655,0.9162009954452515,0.7466527223587036,0.0,2641,41651,-0.0028805246887107687,23.66754945119222,0.21605228135983148,0.0012653324441392517,0.060122057950745024,42.35353088378906,2
466944,500000,378423,0.8104248046875,0.81396484375,0.8156,5000,379680,0.8131167763157895,0.81591796875,0,0.0,0.0,164.22680743896862,2843.287324899924,83.55768585205078,0.036393903195858,0.921554446220398,0.7481274604797363,0.0,2653,41981,0.0019791281083598733,21.50212812423706,0.2155752032995224,0.001079182949221528,0.05067554938917358,70.07459998130798,2
468992,500000,380099,0.8104594534661572,0.818359375,0.817,5000,381363,0.8131545953875546,0.82177734375,0,0.0,0.0,164.35169960345468,2853.5877701999852,83.67010498046875,0.03618957847356796,0.9235854148864746,0.7515302300453186,0.0,2665,41415,-0.007667439950940509,21.048842112223305,0.21507565801342327,0.0010014678693247938,0.045382188012202576,54.67400018374125,2
471040,500000,381802,0.810551120923913,0.83154296875,0.8238,5000,383069,0.8132409137228261,0.8330078125,0,0.0,0.0,164.4726557005136,2863.941109200008,83.86662292480469,0.035524632781744,0.9257297515869141,0.7644171118736267,0.0,2675,39814,-0.0004617552971467376,20.526132965087893,0.2146109148859978,0.000740352894536045,0.029470905661582947,33.52685966491699,2
473088,500000,383496,0.8106229707792207,0.8271484375,0.8278,5000,384770,0.8133159158549783,0.83056640625,0,0.0,0.0,163.975190016927,2885.119388799998,83.69255065917969,0.035936933010816574,0.9225438833236694,0.761114776134491,0.0,2685,40343,-0.0001862585369963199,20.901607513427734,0.21415984630584717,0.0009128312711254694,0.041752944141626364,35.48872261047364,2
475136,500000,385197,0.8107089338631466,0.83056640625,0.8318,5000,386476,0.8134007947198276,0.8330078125,0,0.0,0.0,164.11351872641976,2895.1667338999687,84.23655700683594,0.03611690551042557,0.9217309951782227,0.759214460849762,0.0,2695,39882,0.0002153188455849886,21.91389503479004,0.21372354477643968,0.000760957605780277,0.03191085420548916,63.72128772735596,2
477184,500000,386888,0.8107732027896996,0.82568359375,0.8264,5000,388169,0.8134577018508584,0.82666015625,0,0.0,0.0,164.24640317369804,2905.293454099912,84.17667388916016,0.03615604713559151,0.9228480458259583,0.7558169960975647,0.0,2705,40501,0.0009680901886895299,20.40545692443848,0.21338173002004623,0.0014194316853718193,0.0680949192494154,77.15651626586914,2
479232,500000,388585,0.8108494424412394,0.82861328125,0.8254,5000,389868,0.8135266426282052,0.82958984375,0,0.0,0.0,164.34837020563683,2915.9522506999783,83.82249450683594,0.03601979464292526,0.9259545803070068,0.7616462707519531,0.0,2715,40133,0.00040416268166154623,19.567078399658204,0.21301039755344392,0.0008284466443910787,0.03475395850837231,38.91882133483887,2
481280,500000,390252,0.8108626994680851,0.81396484375,0.8206,5000,391541,0.8135409740691489,0.81689453125,0,0.0,0.0,164.45128618380267,2926.5809417999117,83.59513854980469,0.035482607781887054,0.9252086281776428,0.7505372762680054,0.0,2727,41964,-0.003449070344989498,19.476351579030354,0.21250608687599498,0.000758941256132554,0.029421701406439144,42.78210504849751,2
483328,500000,391906,0.8108489472987288,0.8076171875,0.813,5000,393200,0.813526218220339,0.81005859375,0,0.0,0.0,163.95572140431864,2947.9178637999576,83.54237365722656,0.03584645688533783,0.9231283068656921,0.7433756589889526,0.0,2739,42730,0.006372483602414528,20.915769259134926,0.2119074451426665,0.0010611252150738437,0.049291854413847126,63.66280643145243,2
485376,500000,393561,0.8108373714398734,0.80810546875,0.8084,5000,394859,0.8135115868934599,0.81005859375,0,0.0,0.0,164.0927431594329,2957.9370217999676,83.51419067382812,0.03598736226558685,0.9208613634109497,0.7421596646308899,0.0,2751,42705,0.0012532633263617754,21.779846509297688,0.2113756698866685,0.0009444919680845487,0.04140068256917099,49.36047466595967,2
487424,500000,395215,0.8108238412552521,0.8076171875,0.8088,5000,396519,0.8134991301207983,0.810546875,0,0.0,0.0,164.229385538019,2967.9463172999676,83.7714614868164,0.036085765808820724,0.9165797233581543,0.7390635013580322,0.0,2763,42781,-0.0004617740244915088,23.7753955523173,0.21096859499812126,0.0009811610766519152,0.04358012353380521,34.44116449356079,2
489472,500000,396840,0.8107511767782427,0.79345703125,0.8008,5000,398152,0.8134316161087866,0.79736328125,0,0.0,0.0,164.36442770109795,2977.967963299947,83.45545959472656,0.036344025284051895,0.9143691062927246,0.7265657186508179,0.0,2775,44523,0.0010535686354463298,24.400738398234047,0.21057680745919544,0.0010310685509011819,0.04898231429979205,48.50455045700073,2
491520,500000,398523,0.810797119140625,0.82177734375,0.8058,5000,399840,0.8134765625,0.82421875,0,0.0,0.0,164.49242065142616,2988.1012027999386,84.2142105102539,0.03597012907266617,0.9190014004707336,0.7499806880950928,0.0,2787,40996,0.03939388319849968,30.603458563486733,0.2101932317018509,0.001103832150420203,0.05216584385683139,128.7326169013977,2
493568,500000,400197,0.8108244456690872,0.8173828125,0.8118,5000,401520,0.8135049273858921,0.8203125,0,0.0,0.0,164.02591018996185,3009.0855732999044,83.83031463623047,0.03651394322514534,0.9215975999832153,0.7482049465179443,0.0,2799,41534,0.0011053786729462445,23.34273322423299,0.20981488128503162,0.0006292073793095672,0.021969572640955448,51.64033794403076,2
495616,500000,401878,0.810865670196281,0.82080078125,0.8188,5000,403208,0.8135491993801653,0.82421875,0,0.0,0.0,164.11210858536978,3019.984352599946,84.30363464355469,0.035333774983882904,0.919402539730072,0.7499060034751892,0.0,2811,41152,-0.009508088366904605,20.61361598968506,0.20942269762357074,0.0008461787802692318,0.03885905010004838,88.75321849187215,2
497664,500000,403531,0.8108502925668725,0.80712890625,0.8138,5000,404864,0.8135288065843621,0.80859375,0,0.0,0.0,164.23703973177686,3030.1569049999816,83.70343017578125,0.035881705582141876,0.9203863143920898,0.7400714159011841,0.0,2823,42824,-0.0024813322427993017,22.342546780904133,0.20915972565611202,0.0008024377843109202,0.03429285157471895,96.24116738637288,2
499712,500000,405177,0.810821032914959,0.8037109375,0.8084,5000,406518,0.8135045786372951,0.8076171875,0,0.0,0.0,164.36123461773232,3040.3276122999378,83.40911865234375,0.03569421544671059,0.9207383394241333,0.7380886077880859,0.0,2835,43239,0.0021919526770943776,23.709809939066567,0.20893400410811105,0.0005995931560391909,0.02009865742487212,77.69648480415344,2
501760,500000,406830,0.8108059630102041,0.80712890625,0.803,5000,408174,0.8134845344387756,0.80859375,0,0.0,0.0,164.47461077161813,3050.6836139999796,83.7002182006836,0.03533662110567093,0.9225423336029053,0.741377592086792,0.0,2847,42759,-0.001908117177663371,21.40710719426473,0.2086833268404007,0.0004117316163956275,0.010814350719253222,111.59061606725056,2
