time_s,p_cmd_x,p_cmd_y,p_cmd_z,v_cmd_x,v_cmd_y,v_cmd_z,a_cmd_x,a_cmd_y,a_cmd_z,yaw_cmd,omega_cmd_x,omega_cmd_y,omega_cmd_z
0.0,0.0,0.0,1.5,0.0,0.0,0.0,3.731235980987549,-1.6267216205596924,-0.14215773344039917,0.0,0.0,0.0,0.0
0.009999999776482582,0.00019373316899873316,-7.83521609264426e-05,1.4999761581420898,0.03946376591920853,-0.015372039750218391,-0.006443319376558065,4.16151762008667,-1.4476863145828247,-1.1465061902999878,0.0,0.0,0.0,0.0
0.019999999552965164,0.0008036179933696985,-0.0003014729591086507,1.4998376369476318,0.08323034644126892,-0.02895372547209263,-0.022930124774575233,4.591799259185791,-1.268651008605957,-2.1508545875549316,0.0,0.0,0.0,0.0
0.029999999329447746,0.001872682711109519,-0.0006514588603749871,1.4994840621948242,0.13129974901676178,-0.04074505716562271,-0.049460411071777344,5.022080898284912,-1.0896157026290894,-3.155202865600586,0.0,0.0,0.0,0.0
0.03999999910593033,0.0034439554437994957,-0.0011104063596576452,1.4988149404525757,0.1836719661951065,-0.05074603855609894,-0.08603417873382568,5.452362537384033,-0.9105803370475769,-4.15955114364624,0.0,0.0,0.0,0.0
0.04999999701976776,0.005560464225709438,-0.0016604118281975389,1.4977298974990845,0.2403469979763031,-0.05895666405558586,-0.1326514333486557,5.882644176483154,-0.731545090675354,-5.163899898529053,0.0,0.0,0.0,0.0
0.05999999865889549,0.008265238255262375,-0.0022835717536509037,1.4961284399032593,0.30132484436035156,-0.06537693738937378,-0.1893121749162674,6.312925815582275,-0.5525097846984863,-6.168247699737549,0.0,0.0,0.0,0.0
0.07000000029802322,0.01160130463540554,-0.0029619827400892973,1.4939101934432983,0.3666055202484131,-0.0700068548321724,-0.25601640343666077,6.7432074546813965,-0.3734743595123291,-7.1725969314575195,0.0,0.0,0.0,0.0
0.07999999821186066,0.01559353619813919,-0.003682085545733571,1.4910072088241577,0.430742472410202,-0.07414977997541428,-0.32300594449043274,6.084184646606445,-0.4551113247871399,-6.2253098487854,0.0,0.0,0.0,0.0
0.08999999612569809,0.02019418589770794,-0.004447699524462223,1.4874815940856934,0.4882892072200775,-0.0791090801358223,-0.38052260875701904,5.425161361694336,-0.5367483496665955,-5.278022766113281,0.0,0.0,0.0,0.0
0.09999999403953552,0.025337353348731995,-0.005266988184303045,1.4834283590316772,0.5392457246780396,-0.08488474786281586,-0.4285663962364197,4.766138553619385,-0.6183853149414062,-4.330735683441162,0.0,0.0,0.0,0.0
0.10999999940395355,0.030957134440541267,-0.006148115731775761,1.4789419174194336,0.5836119651794434,-0.09147678315639496,-0.46713730692863464,4.107114791870117,-0.7000223398208618,-3.3834471702575684,0.0,0.0,0.0,0.0
0.11999999731779099,0.03698762506246567,-0.007099245209246874,1.4741171598434448,0.6213880181312561,-0.0988851934671402,-0.49623534083366394,3.448092460632324,-0.7816592454910278,-2.4361610412597656,0.0,0.0,0.0,0.0
0.12999999523162842,0.043362926691770554,-0.008128540590405464,1.4690487384796143,0.652573823928833,-0.10710997134447098,-0.5158604979515076,2.789069175720215,-0.8632962703704834,-1.4888733625411987,0.0,0.0,0.0,0.0
0.14000000059604645,0.050017133355140686,-0.009244165383279324,1.4638315439224243,0.6771693825721741,-0.1161511167883873,-0.5260127782821655,2.1300458908081055,-0.944933295249939,-0.5415856838226318,0.0,0.0,0.0,0.0
0.14999999105930328,0.056895337998867035,-0.010441774502396584,1.4585505723953247,0.6984727382659912,-0.12225569784641266,-0.5295315384864807,2.130621910095215,-0.2759835124015808,-0.1621687114238739,0.0,0.0,0.0,0.0
0.1599999964237213,0.06398660689592361,-0.011666981503367424,1.4532535076141357,0.7197818160057068,-0.12167078256607056,-0.5292561650276184,2.131197690963745,0.39296627044677734,0.21724829077720642,0.0,0.0,0.0,0.0
0.17000000178813934,0.0712909922003746,-0.012852892279624939,1.447978138923645,0.7410966753959656,-0.1143963634967804,-0.5251865983009338,2.1317734718322754,1.0619173049926758,0.5966659784317017,0.0,0.0,0.0,0.0
0.17999999225139618,0.07880856096744537,-0.013932610861957073,1.4427624940872192,0.7624173164367676,-0.10043244063854218,-0.517322838306427,2.1323494911193848,1.7308670282363892,0.976082980632782,0.0,0.0,0.0,0.0
0.1899999976158142,0.0865393579006195,-0.01483924314379692,1.437644362449646,0.783743679523468,-0.0797790139913559,-0.5056649446487427,2.132925271987915,2.399817943572998,1.35550057888031,0.0,0.0,0.0,0.0
0.19999998807907104,0.09448345005512238,-0.015505893155932426,1.432661771774292,0.8050758242607117,-0.052436091005802155,-0.4902128577232361,2.1335012912750244,3.0687665939331055,1.7349169254302979,0.0,0.0,0.0,0.0
0.20999999344348907,0.10264089703559875,-0.015865666791796684,1.427852749824524,0.8264136910438538,-0.01840367168188095,-0.4709666073322296,2.1340770721435547,3.737717628479004,2.1143345832824707,0.0,0.0,0.0,0.0
0.2199999988079071,0.11100822687149048,-0.015867531299591064,1.423256516456604,0.8467006683349609,0.017559386789798737,-0.4475131630897522,1.9233142137527466,3.454894542694092,2.576357126235962,0.0,0.0,0.0,0.0
0.22999998927116394,0.1195678859949112,-0.015523906797170639,1.4189178943634033,0.8648799657821655,0.05069421976804733,-0.41943949460983276,1.712551474571228,3.172071933746338,3.038378953933716,0.0,0.0,0.0,0.0
0.23999999463558197,0.1282988041639328,-0.014863074757158756,1.4148831367492676,0.8809516429901123,0.08100083470344543,-0.3867456018924713,1.5017892122268677,2.8892500400543213,3.5004000663757324,0.0,0.0,0.0,0.0
0.25,0.137179896235466,-0.013913317583501339,1.411198377609253,0.8949156999588013,0.10847921669483185,-0.34943148493766785,1.2910258769989014,2.606426477432251,3.962423324584961,0.0,0.0,0.0,0.0
0.25999999046325684,0.1461900919675827,-0.01270291768014431,1.407909870147705,0.9067721366882324,0.13312937319278717,-0.30749714374542236,1.080263614654541,2.3236045837402344,4.424444198608398,0.0,0.0,0.0,0.0
0.26999998092651367,0.1553083062171936,-0.011260157451033592,1.4050638675689697,0.9165209531784058,0.1549513041973114,-0.26094257831573486,0.8695011138916016,2.0407819747924805,4.8864665031433105,0.0,0.0,0.0,0.0
0.2800000011920929,0.1645134836435318,-0.009613319300115108,1.4027063846588135,0.9241621494293213,0.17394500970840454,-0.20976780354976654,0.6587381362915039,1.7579588890075684,5.348488807678223,0.0,0.0,0.0,0.0
0.28999999165534973,0.17377299070358276,-0.007790679112076759,1.4008662700653076,0.9262329339981079,0.19011233747005463,-0.15924204885959625,-0.24458009004592896,1.4755061864852905,4.756663799285889,0.0,0.0,0.0,0.0
0.29999998211860657,0.18300803005695343,-0.005820488091558218,1.3995018005371094,0.9192705154418945,0.2034551352262497,-0.11463453620672226,-1.1478983163833618,1.1930537223815918,4.164838790893555,0.0,0.0,0.0,0.0
0.3100000023841858,0.1921282857656479,-0.0037309916224330664,1.3985538482666016,0.9032749533653259,0.21397340297698975,-0.07594527304172516,-2.0512163639068604,0.9106010794639587,3.5730135440826416,0.0,0.0,0.0,0.0
0.3199999928474426,0.20104342699050903,-0.00155043532140553,1.3979631662368774,0.8782461881637573,0.22166715562343597,-0.04317426308989525,-2.9545347690582275,0.6281484365463257,2.9811887741088867,0.0,0.0,0.0,0.0
0.32999998331069946,0.20966310799121857,0.0006929361261427402,1.3976706266403198,0.8441842794418335,0.22653637826442719,-0.01632150262594223,-3.8578526973724365,0.345695823431015,2.3893635272979736,0.0,0.0,0.0,0.0
0.3400000035762787,0.21789699792861938,0.0029708771035075188,1.3976171016693115,0.8010891675949097,0.22858107089996338,0.0046129971742630005,-4.761174201965332,0.06324225664138794,1.7975363731384277,0.0,0.0,0.0,0.0
0.3499999940395355,0.22565478086471558,0.005255142226815224,1.3977432250976562,0.7489608526229858,0.22780123353004456,0.019629236310720444,-5.664492130279541,-0.21921035647392273,1.2057113647460938,0.0,0.0,0.0,0.0
0.35999998450279236,0.23284004628658295,0.007522848434746265,1.3980016708374023,0.685980498790741,0.22580547630786896,0.03226650506258011,-6.931575775146484,-0.17994184792041779,1.3217419385910034,0.0,0.0,0.0,0.0
0.3700000047683716,0.2393321543931961,0.009772560559213161,1.3983924388885498,0.610329270362854,0.22420239448547363,0.04606407880783081,-8.198663711547852,-0.1406731903553009,1.4377729892730713,0.0,0.0,0.0,0.0
0.3799999952316284,0.24500440061092377,0.01200820505619049,1.398926854133606,0.5220072269439697,0.22299200296401978,0.06102196127176285,-9.465747833251953,-0.10140468925237656,1.5538036823272705,0.0,0.0,0.0,0.0
0.38999998569488525,0.24973006546497345,0.014233709312975407,1.3996167182922363,0.42101436853408813,0.22217430174350739,0.07714015245437622,-10.732827186584473,-0.06213630735874176,1.6698338985443115,0.0,0.0,0.0,0.0
0.3999999761581421,0.25338244438171387,0.016452999785542488,1.4004734754562378,0.30735069513320923,0.22174927592277527,0.09441864490509033,-11.999910354614258,-0.02286779135465622,1.7858644723892212,0.0,0.0,0.0,0.0
0.4099999964237213,0.2558348476886749,0.01867000386118889,1.4015089273452759,0.18101616203784943,0.22171694040298462,0.11285744607448578,-13.266998291015625,0.01640085130929947,1.9018956422805786,0.0,0.0,0.0,0.0
0.41999998688697815,0.25696054100990295,0.020888647064566612,1.4027345180511475,0.042010754346847534,0.22207729518413544,0.13245655596256256,-14.534082412719727,0.05566936731338501,2.0179262161254883,0.0,0.0,0.0,0.0
0.429999977350235,0.25667017698287964,0.023107189685106277,1.4041681289672852,-0.09845589101314545,0.22112992405891418,0.1550566703081131,-13.559248924255371,-0.24514342844486237,2.5020976066589355,0.0,0.0,0.0,0.0
0.4399999976158142,0.25502389669418335,0.025301218032836914,1.4058518409729004,-0.2291741967201233,0.21717442572116852,0.1824985146522522,-12.58441162109375,-0.5459572076797485,2.9862706661224365,0.0,0.0,0.0,0.0
0.44999998807907104,0.25211918354034424,0.027440650388598442,1.4078341722488403,-0.3501441478729248,0.21021078526973724,0.21478207409381866,-11.609579086303711,-0.8467699885368347,3.470442295074463,0.0,0.0,0.0,0.0
0.4599999785423279,0.24805350601673126,0.02949540689587593,1.4101636409759521,-0.4613657593727112,0.20023901760578156,0.2519073486328125,-10.634746551513672,-1.147582769393921,3.95461368560791,0.0,0.0,0.0,0.0
0.4699999988079071,0.24292436242103577,0.03143540397286415,1.412888526916504,-0.5628390908241272,0.18725913763046265,0.2938743233680725,-9.659915924072266,-1.4483946561813354,4.438783645629883,0.0,0.0,0.0,0.0
0.47999998927116394,0.2368292212486267,0.03323056176304817,1.4160572290420532,-0.6545640826225281,0.17127113044261932,0.3406830132007599,-8.685083389282227,-1.7492073774337769,4.92295503616333,0.0,0.0,0.0,0.0
0.4899999797344208,0.22986558079719543,0.034850798547267914,1.4197182655334473,-0.7365407347679138,0.1522749960422516,0.39233341813087463,-7.710249423980713,-2.050020217895508,5.407126426696777,0.0,0.0,0.0,0.0
0.5,0.22211821377277374,0.03628092259168625,1.423909306526184,-0.8125773072242737,0.13473787903785706,0.4455980658531189,-7.497068881988525,-1.4574048519134521,5.245806694030762,0.0,0.0,0.0,0.0
0.5099999904632568,0.2136211395263672,0.037565309554338455,1.4286248683929443,-0.8864821195602417,0.12312689423561096,0.4972495436668396,-7.283892631530762,-0.8647924065589905,5.084486961364746,0.0,0.0,0.0,0.0
0.5199999809265137,0.20439568161964417,0.03876321390271187,1.4338488578796387,-0.9582551717758179,0.1174420416355133,0.5472878217697144,-7.070716381072998,-0.272178053855896,4.923166275024414,0.0,0.0,0.0,0.0
0.5299999713897705,0.19446314871311188,0.03993390128016472,1.4395651817321777,-1.0278964042663574,0.11768333613872528,0.5957129001617432,-6.857539653778076,0.32043635845184326,4.76184606552124,0.0,0.0,0.0,0.0
0.5399999618530273,0.18384486436843872,0.04113663360476494,1.4457577466964722,-1.09540593624115,0.12385077029466629,0.642524778842926,-6.644362926483154,0.913050651550293,4.600525379180908,0.0,0.0,0.0,0.0
0.550000011920929,0.1725621372461319,0.04243066906929016,1.452410340309143,-1.1607836484909058,0.13594435155391693,0.6877233982086182,-6.431185722351074,1.505666971206665,4.439204692840576,0.0,0.0,0.0,0.0
0.5600000023841858,0.1606362909078598,0.04387527331709862,1.459506869316101,-1.2240296602249146,0.1539640873670578,0.7313088178634644,-6.218008995056152,2.0982813835144043,4.277884006500244,0.0,0.0,0.0,0.0
0.5699999928474426,0.14809657633304596,0.04550987109541893,1.4670253992080688,-1.2827659845352173,0.17195966839790344,0.7715708017349243,-5.529258728027344,1.5008363723754883,3.7745120525360107,0.0,0.0,0.0,0.0
0.5799999833106995,0.1350039392709732,0.047294553369283676,1.474921464920044,-1.3346147537231445,0.183980792760849,0.806799054145813,-4.8405046463012695,0.9033873081207275,3.271137237548828,0.0,0.0,0.0,0.0
0.5899999737739563,0.12142724543809891,0.049169573932886124,1.4831446409225464,-1.3795760869979858,0.19002744555473328,0.8369935750961304,-4.151754856109619,0.305942177772522,2.7677652835845947,0.0,0.0,0.0,0.0
0.5999999642372131,0.10743537545204163,0.05107518658041954,1.4916446208953857,-1.4176498651504517,0.19009962677955627,0.8621543645858765,-3.4630000591278076,-0.291506826877594,2.264389991760254,0.0,0.0,0.0,0.0
0.6100000143051147,0.09309720993041992,0.05295164883136749,1.500370979309082,-1.448836088180542,0.1841972917318344,0.8822813630104065,-2.7742409706115723,-0.8889598250389099,1.7610116004943848,0.0,0.0,0.0,0.0
0.6200000047683716,0.07848161458969116,0.05473921820521355,1.5092734098434448,-1.4731347560882568,0.17232048511505127,0.8973746299743652,-2.085495710372925,-1.486400842666626,1.2576429843902588,0.0,0.0,0.0,0.0
0.6299999952316284,0.06365747004747391,0.05637814477086067,1.5183017253875732,-1.4905459880828857,0.15446922183036804,0.9074342250823975,-1.3967403173446655,-2.0838515758514404,0.7542711496353149,0.0,0.0,0.0,0.0
0.6399999856948853,0.04868430271744728,0.057814691215753555,1.5274218320846558,-1.5038748979568481,0.1324446201324463,0.9174092411994934,-1.2690314054489136,-2.3210692405700684,1.2407279014587402,0.0,0.0,0.0,0.0
0.6499999761581421,0.03358422964811325,0.05901912972331047,1.5366660356521606,-1.5159265995025635,0.10804782062768936,0.9322488307952881,-1.1413209438323975,-2.558290481567383,1.7271912097930908,0.0,0.0,0.0,0.0
0.6599999666213989,0.018370024859905243,0.05996774137020111,1.5460829734802246,-1.5267012119293213,0.08127881586551666,0.9519530534744263,-1.0136111974716187,-2.7955098152160645,2.213651418685913,0.0,0.0,0.0,0.0
0.6699999570846558,0.0030544614419341087,0.06063679978251457,1.555721402168274,-1.5361987352371216,0.05213761329650879,0.976521909236908,-0.8859007358551025,-3.0327308177948,2.7001147270202637,0.0,0.0,0.0,0.0
0.6800000071525574,-0.012349692173302174,0.06100258603692055,1.5656297206878662,-1.5444191694259644,0.020624198019504547,1.0059553384780884,-0.7581901550292969,-3.269951820373535,3.1865782737731934,0.0,0.0,0.0,0.0
0.6899999976158142,-0.027829665690660477,0.06104137748479843,1.5758566856384277,-1.5513625144958496,-0.013261426240205765,1.0402534008026123,-0.630479633808136,-3.5071730613708496,3.673041343688965,0.0,0.0,0.0,0.0
0.699999988079071,-0.043372686952352524,0.06072945147752762,1.5864509344100952,-1.5570287704467773,-0.04951925203204155,1.0794161558151245,-0.502769947052002,-3.7443923950195312,4.159501552581787,0.0,0.0,0.0,0.0
