episodes,requested_episodes,successes,total_success_rate,batch_success_rate,rolling_success_rate,rolling_window_episodes,endpoint_successes,total_endpoint_success_rate,batch_endpoint_success_rate,legacy_scientific_successes,total_legacy_scientific_success_rate,batch_legacy_scientific_success_rate,episodes_per_second,elapsed_s,mean_episode_reward,median_minimum_tip_distance_m,mean_maximum_uav_displacement_m,numerical_failure_rate,gradient_updates,valid_transitions,policy_loss,value_loss,entropy,approximate_kl,clip_fraction,gradient_norm,epochs_completed
2048,1000000,0,0.0,0.0,0.0,5000,1,0.00048828125,0.00048828125,0,0.0,0.0,107.59563618166948,19.03422919998411,-171.145263671875,1.0275851488113403,34.174591064453125,0.0,72,143360,-0.006100915039294503,563.9783096313477,5.522945801417032,0.006109722052113082,0.07311164008246528,2.6868112755732403,4
4096,1000000,0,0.0,0.0,0.0,5000,1,0.000244140625,0.0,0,0.0,0.0,140.31871505132352,29.19068919995334,-160.6178741455078,1.0160534381866455,27.115516662597656,0.0,144,143360,-0.006712369695176474,496.8948720296224,5.532018529044257,0.005998221599030431,0.07514444986979166,4.071490828154816,4
6144,1000000,0,0.0,0.0,0.0,5000,2,0.0003255208333333333,0.00048828125,0,0.0,0.0,156.36751502980866,39.292048599920236,-147.64564514160156,0.9756885766983032,20.654075622558594,0.0,216,143360,-0.00781167667850645,423.85355292426215,5.540704713927375,0.007151364182997591,0.0954250759548611,4.067494769063261,4
8192,1000000,0,0.0,0.0,0.0,5000,2,0.000244140625,0.0,0,0.0,0.0,166.55557675388602,49.1847835999215,-130.87240600585938,0.9117686748504639,14.22867202758789,0.0,288,143360,-0.008307227289252397,339.6975432501899,5.542470309469435,0.007523598727756406,0.1028561062282986,5.089221519728501,4
10240,1000000,1,9.765625e-05,0.00048828125,0.0002,5000,3,0.00029296875,0.00048828125,0,0.0,0.0,173.35287345259667,59.07026399997994,-115.08592224121094,0.7993032336235046,9.933761596679688,0.0,360,143300,-0.010628356682395356,271.53682581583655,5.531794402334425,0.008072458066130316,0.1127539893819226,5.284066561609507,4
12288,1000000,2,0.00016276041666666666,0.00048828125,0.0004,5000,4,0.0003255208333333333,0.00048828125,0,0.0,0.0,156.7777695697725,78.37845909991302,-97.94259643554688,0.6960870027542114,6.605164527893066,0.0,432,143342,-0.010932970538205052,204.72530767652722,5.522850420739915,0.007630235319488241,0.10637780610058042,5.3386778425839205,4
14336,1000000,4,0.00027901785714285713,0.0009765625,0.0008,5000,6,0.0004185267857142857,0.0009765625,0,0.0,0.0,162.7822543061978,88.06856779998634,-81.74170684814453,0.5648054480552673,4.504020690917969,0.0,504,143267,-0.009957352656379549,151.79832543267142,5.513573282294803,0.007317956914145421,0.10029456660979323,7.942397016617987,4
16384,1000000,4,0.000244140625,0.0,0.0006,5000,6,0.0003662109375,0.0,0,0.0,0.0,167.67363121851898,97.71363499993458,-70.505859375,0.4889256954193115,3.3909239768981934,0.0,576,143360,-0.010721719296674969,113.10951444837781,5.5047202242745294,0.007067565329028487,0.09706624348958333,7.897715388072861,4
18432,1000000,7,0.00037977430555555556,0.00146484375,0.001,5000,9,0.00048828125,0.00146484375,0,0.0,0.0,171.1617782601635,107.68759349989705,-58.36389923095703,0.39847883582115173,2.6298694610595703,0.0,648,143294,-0.009914562898403447,91.3404017554389,5.496113022168477,0.007133322355811186,0.09621489751670095,8.478795379400253,4
20480,1000000,9,0.000439453125,0.0009765625,0.001,5000,11,0.000537109375,0.0009765625,0,0.0,0.0,174.45849070512136,117.39182149991393,-49.11851501464844,0.353407084941864,2.0988340377807617,0.0,720,143294,-0.009606030142296933,68.85354243384467,5.48696321911282,0.006616119373575202,0.08779281077699529,8.730544418096542,4
22528,1000000,11,0.00048828125,0.0009765625,0.001,5000,13,0.0005770596590909091,0.0009765625,0,0.0,0.0,164.3883983819755,137.04130109993275,-40.23836135864258,0.30760279297828674,1.74698805809021,0.0,792,143318,-0.008656881972456176,55.150281747182206,5.476334863238864,0.005996223130649822,0.07674688121510877,7.417613728178871,4
24576,1000000,12,0.00048828125,0.00048828125,0.0006,5000,14,0.0005696614583333334,0.00048828125,0,0.0,0.0,167.5566695478274,146.67276489990763,-35.78136444091797,0.2787882685661316,1.5339140892028809,0.0,864,143339,-0.008700608825569766,46.08029958936903,5.464404205481211,0.006313612082724122,0.08086933837168746,8.568082710107166,4
26624,1000000,13,0.00048828125,0.00048828125,0.0008,5000,15,0.0005634014423076923,0.00048828125,0,0.0,0.0,170.40572699857984,156.23888039996382,-29.348827362060547,0.25418993830680847,1.3188366889953613,0.0,936,143360,-0.00890801949167831,38.03683121999104,5.451817115147908,0.0066934430060427985,0.087249755859375,7.592918107906977,4
28672,1000000,14,0.00048828125,0.00048828125,0.0004,5000,16,0.0005580357142857143,0.00048828125,0,0.0,0.0,173.02503277741124,165.7101260999916,-23.825057983398438,0.24854347109794617,1.1412709951400757,0.0,1008,143336,-0.008800914860330522,31.888265821668835,5.436620149347517,0.006921769366171146,0.09161643445905711,5.570974926153818,4
30720,1000000,15,0.00048828125,0.00048828125,0.0006,5000,17,0.0005533854166666667,0.00048828125,0,0.0,0.0,175.23750279022636,175.3049404999474,-17.930782318115234,0.22111088037490845,1.0134994983673096,0.0,1080,143334,-0.008859319715864128,27.790597995122273,5.413870910803476,0.0074252930727299014,0.09943866895304786,4.434461229377322,4
32768,1000000,16,0.00048828125,0.00048828125,0.0006,5000,19,0.000579833984375,0.0009765625,0,0.0,0.0,168.54849013864154,194.41289549996145,-15.146439552307129,0.21781179308891296,0.9244847297668457,0.0,1152,143325,-0.008515963188579513,26.106954945458305,5.3879920442899065,0.007919737279533162,0.10759143324361907,4.410595854123433,4
34816,1000000,17,0.00048828125,0.00048828125,0.0006,5000,20,0.0005744485294117647,0.00048828125,0,0.0,0.0,170.42513340077377,204.28911689994857,-11.746051788330078,0.2074393332004547,0.860421895980835,0.0,1224,143333,-0.008430926885921508,23.242923312717014,5.367606262365976,0.008488255778653789,0.11599534449891911,3.6894065572155843,4
36864,1000000,19,0.0005154079861111111,0.0009765625,0.0006,5000,22,0.0005967881944444445,0.0009765625,0,0.0,0.0,172.07700429704454,214.22967089992017,-8.580217361450195,0.19668644666671753,0.7891508936882019,0.0,1296,143345,-0.006763891083311237,23.215282731586033,5.353569746017456,0.007587264002571222,0.10064952272093958,6.005649427572886,4
38912,1000000,19,0.00048828125,0.0,0.0006,5000,22,0.0005653782894736842,0.0,0,0.0,0.0,173.8025844103505,223.88619899994228,-6.222418785095215,0.18978965282440186,0.7463081479072571,0.0,1368,143360,-0.006572651143263404,18.772990915510388,5.333570155832502,0.007449227029711538,0.09796990288628471,6.09115907880995,4
40960,1000000,22,0.000537109375,0.00146484375,0.001,5000,25,0.0006103515625,0.00146484375,0,0.0,0.0,175.1309356970373,233.88215129997116,-3.3698952198028564,0.17244485020637512,0.7206699252128601,0.0,1440,143304,-0.005953511179541238,25.557049433390297,5.318960401746962,0.006201899308709673,0.07699280801332659,8.8332755168279,4
43008,1000000,23,0.0005347842261904762,0.00048828125,0.0008,5000,27,0.0006277901785714286,0.0009765625,0,0.0,0.0,169.98439853252836,253.01145499991253,-1.435933232307434,0.16796083748340607,0.6798155307769775,0.0,1512,143359,-0.006493043911177665,19.757689926359387,5.308458103073968,0.005674441554421921,0.06745167956170109,9.332203321986727,4
45056,1000000,24,0.0005326704545454545,0.00048828125,0.0006,5000,29,0.0006436434659090909,0.0009765625,0,0.0,0.0,171.47456629283954,262.7561682999367,0.6621530055999756,0.15544883906841278,0.6655069589614868,0.0,1584,143346,-0.005746988008063959,20.013946453730263,5.295768863624996,0.006278504059941446,0.07819914652241601,9.35659952296151,4
47104,1000000,26,0.0005519701086956521,0.0009765625,0.0006,5000,33,0.0007005774456521739,0.001953125,0,0.0,0.0,172.8688689939064,272.48399479989894,2.07517409324646,0.14441430568695068,0.6536608338356018,0.0,1656,143342,-0.005541007699018033,23.36962299876743,5.284725904464722,0.0062261898322807,0.07722290729482968,9.953973876105414,4
49152,1000000,27,0.00054931640625,0.00048828125,0.0008,5000,34,0.0006917317708333334,0.00048828125,0,0.0,0.0,174.1520367455411,282.23614789999556,3.199730157852173,0.14482466876506805,0.6421395540237427,0.0,1728,143349,-0.005849301224871952,21.114161941740246,5.2746446463796826,0.00611557684644342,0.07485769140637583,9.9516953892178,4
51200,1000000,27,0.00052734375,0.0,0.0004,5000,37,0.00072265625,0.00146484375,0,0.0,0.0,175.3601113646902,291.970617499901,5.311348915100098,0.12626346945762634,0.6371341943740845,0.0,1800,143360,-0.0050017441681120545,20.916616545783146,5.2635881370968285,0.006400815840455228,0.07972039116753472,10.049926542573504,4
53248,1000000,28,0.0005258413461538461,0.00048828125,0.0004,5000,38,0.0007136418269230769,0.00048828125,0,0.0,0.0,171.1241977044738,311.16581239993684,6.65091609954834,0.12326794862747192,0.663895308971405,0.0,1872,143355,-0.0037706677944192453,24.002847141689724,5.250053160720401,0.006945872787860531,0.0880027704147829,11.468922442860073,4
55296,1000000,31,0.000560619212962963,0.00146484375,0.0008,5000,41,0.0007414641203703704,0.00146484375,0,0.0,0.0,172.4225652266606,320.7004832999082,9.322572708129883,0.11272818595170975,0.6956753134727478,0.0,1944,143330,-0.004236683068383071,32.156964143117264,5.240083654721578,0.006460967380563589,0.079287255441563,13.09421471092436,4
57344,1000000,36,0.0006277901785714286,0.00244140625,0.0018,5000,46,0.0008021763392857143,0.00244140625,0,0.0,0.0,173.58691520819403,330.3474799999967,10.21021842956543,0.10625939071178436,0.7258557081222534,0.0,2016,143281,-0.00399938755759245,36.80050177044338,5.2316261596149864,0.006744235041247116,0.08495329796440071,12.56740140252643,4
59392,1000000,41,0.0006903286637931034,0.00244140625,0.002,5000,54,0.0009092133620689655,0.00390625,0,0.0,0.0,174.70710693423408,339.9518259000033,12.18458366394043,0.09650471806526184,0.7245279550552368,0.0,2088,143319,-0.0035532939703747006,37.15714825524224,5.225912372271219,0.007812463125396283,0.10189945685366789,12.761013368765513,4
61440,1000000,53,0.0008626302083333333,0.005859375,0.0038,5000,67,0.0010904947916666667,0.00634765625,0,0.0,0.0,175.76761611511563,349.55244519992266,15.060836791992188,0.09094831347465515,0.7751473188400269,0.0,2160,143206,-0.0019843765201383373,53.97050428390503,5.220335556401147,0.008739774042245092,0.11398108624335791,14.652361568477417,4
63488,1000000,70,0.0011025705645161291,0.00830078125,0.0064,5000,93,0.00146484375,0.0126953125,0,0.0,0.0,172.23038158049474,368.62253579997923,17.335529327392578,0.08468247205018997,0.7949460744857788,0.0,2232,143158,-0.002160474234389969,66.55184994803534,5.215198377768198,0.008175333349628191,0.10432593503759967,14.829610758357576,4
65536,1000000,88,0.0013427734375,0.0087890625,0.008,5000,120,0.0018310546875,0.01318359375,0,0.0,0.0,173.36537819452028,378.02242109994404,18.96224594116211,0.08193052560091019,0.8311548829078674,0.0,2304,143138,-0.004105595897878326,71.63458670510185,5.21125790145662,0.006968929199400817,0.08836562641792826,15.094757695992786,4
67584,1000000,121,0.0017903645833333333,0.01611328125,0.0124,5000,169,0.002500591856060606,0.02392578125,0,0.0,0.0,174.40332259390476,387.5155529999174,22.978588104248047,0.07712256163358688,0.883743166923523,0.0,2376,142920,-0.0035003600092346054,102.5855362150404,5.206137001514435,0.007636118602451662,0.09996770984596676,15.451116965876684,4
69632,1000000,168,0.002412683823529412,0.02294921875,0.0172,5000,234,0.0033605238970588237,0.03173828125,0,0.0,0.0,175.3529534602903,397.09624859993346,27.628406524658203,0.07374285906553268,0.9847131967544556,0.0,2448,142764,-0.0032899112346866685,134.5884903801812,5.199707355764176,0.007530058793286621,0.09781402690956989,18.77079415983624,4
71680,1000000,237,0.003306361607142857,0.03369140625,0.0264,5000,337,0.004701450892857143,0.05029296875,0,0.0,0.0,176.14096059786667,406.94679849990644,32.63135528564453,0.06973688304424286,1.0547685623168945,0.0,2520,142399,-0.0008314821995251501,179.0007996029324,5.195457948578729,0.010695283191327891,0.1401412110361788,19.690678192509544,4
73728,1000000,331,0.004489474826388889,0.0458984375,0.036,5000,467,0.006334092881944444,0.0634765625,0,0.0,0.0,172.91277909106526,426.38838139991276,36.67839431762695,0.06925968825817108,1.0939033031463623,0.0,2592,141944,-0.0017941456333371913,224.10816107855902,5.194392151302761,0.009310629353649347,0.12370159094118409,18.958023587862648,4
75776,1000000,436,0.005753800675675676,0.05126953125,0.0454,5000,620,0.008182010135135136,0.07470703125,0,0.0,0.0,173.80204746078226,435.9902607999975,38.95490646362305,0.06526483595371246,1.1337244510650635,0.0,2664,141796,-0.0017089919997993596,246.9643383026123,5.190640926361084,0.008947422875255344,0.11929003107878897,22.0683860414558,4
77824,1000000,582,0.0074784128289473685,0.0712890625,0.059,5000,844,0.010844983552631578,0.109375,0,0.0,0.0,174.6720891199897,445.5434202000033,44.875038146972656,0.06328996270895004,1.2254258394241333,0.0,2736,141048,-0.0017227445059688762,325.0521401299371,5.189740823374854,0.007918366866053676,0.10425698053505685,22.9848079946306,4
79872,1000000,764,0.009565304487179488,0.0888671875,0.0756,5000,1124,0.014072516025641026,0.13671875,0,0.0,0.0,175.50372343832126,455.1014556000009,49.25960922241211,0.06079031527042389,1.3072017431259155,0.0,2808,140326,-0.004067327022009218,395.74068366156683,5.1842658453517485,0.006822625684561798,0.08630189734200636,26.286877618895634,4
81920,1000000,976,0.0119140625,0.103515625,0.0902,5000,1445,0.01763916015625,0.15673828125,0,0.0,0.0,176.36090726157937,464.50203319999855,53.55337142944336,0.062026940286159515,1.3686492443084717,0.0,2848,139536,0.0012547407648526134,455.6858535766602,5.178952836990357,0.009911488866055152,0.12458119122311473,27.95177062749863,3
83968,1000000,1236,0.014719893292682926,0.126953125,0.1116,5000,1814,0.021603467987804877,0.18017578125,0,0.0,0.0,173.56482419670834,483.784663099912,59.32320785522461,0.059297893196344376,1.4371263980865479,0.0,2916,138210,-0.00275569359826691,543.1313669541303,5.176616058630102,0.006199468847545872,0.07616236192338607,24.103479890262378,4
86016,1000000,1531,0.01779901413690476,0.14404296875,0.1326,5000,2249,0.02614629836309524,0.21240234375,0,0.0,0.0,174.31101768705923,493.46278359997086,63.915138244628906,0.057771436870098114,1.4456737041473389,0.0,2984,137659,-0.00029205526462807455,603.0765183392693,5.1731248322655174,0.009929499034248746,0.12742612094563596,28.91291654811186,4
88064,1000000,1836,0.0208484738372093,0.14892578125,0.1404,5000,2695,0.030602743459302327,0.2177734375,0,0.0,0.0,175.05515292850347,503.064311599941,63.27066421508789,0.057314515113830566,1.5154438018798828,0.0,3052,136965,-0.00028406714655455505,626.3560396082261,5.172470801016863,0.0082256112756006,0.09982751644052126,28.01950813742245,4
90112,1000000,2169,0.024070046164772728,0.16259765625,0.1516,5000,3224,0.03577769886363636,0.25830078125,0,0.0,0.0,175.78681941010876,512.6209137999685,65.45480346679688,0.05544125288724899,1.5510400533676147,0.0,3120,136303,-0.0033047395905561965,677.1923648609835,5.174421310424805,0.005413203849778203,0.06214949992649695,28.60735783857458,4
92160,1000000,2549,0.02765842013888889,0.185546875,0.1674,5000,3757,0.04076605902777778,0.26025390625,0,0.0,0.0,176.47768258813113,522.219006099971,71.90516662597656,0.0547448955476284,1.5430864095687866,0.0,3167,134926,0.001167418826569585,767.8350297643783,5.1741302977217005,0.008675352575239152,0.10674546040753101,36.195709228515625,3
94208,1000000,2896,0.030740489130434784,0.16943359375,0.1738,5000,4293,0.04556937839673913,0.26171875,0,0.0,0.0,173.3394294074784,543.4885779999895,66.05175018310547,0.0553852878510952,1.6018588542938232,0.0,3235,135439,-0.002923570032341077,705.3247770421646,5.174593876389896,0.005759893370021232,0.06900194566696882,29.019118729759665,4
96256,1000000,3268,0.03395113031914894,0.181640625,0.1786,5000,4851,0.05039685837765957,0.2724609375,0,0.0,0.0,172.6315069649745,557.5807202999713,67.85814666748047,0.05406547337770462,1.6270599365234375,0.0,3303,134007,-0.0030412193908191778,767.335921343635,5.1740114829119515,0.005761585269256637,0.06840243924628285,32.161915694966034,4
98304,1000000,3708,0.0377197265625,0.21484375,0.1942,5000,5490,0.05584716796875,0.31201171875,0,0.0,0.0,171.71344473410915,572.4886606999207,76.79776763916016,0.05292236804962158,1.6091358661651611,0.0,3371,132218,-0.001629380358602194,894.3753096636603,5.172301502788768,0.006207839889504933,0.076838108135716,36.46522963748259,4
100352,1000000,4136,0.04121492346938776,0.208984375,0.208,5000,6167,0.06145368303571429,0.33056640625,0,0.0,0.0,171.27656775622555,585.9061826999532,76.04656982421875,0.051787011325359344,1.5977363586425781,0.0,3439,132765,-0.0013619230200728292,858.6619253719554,5.171892145100762,0.006502056751982951,0.07890929711763472,35.20778790642233,4
102400,1000000,4630,0.04521484375,0.2412109375,0.2224,5000,6886,0.06724609375,0.35107421875,0,0.0,0.0,171.2191095467917,598.064084499958,85.02499389648438,0.05058920010924339,1.5882980823516846,0.0,3507,131615,-0.0022726559682803996,964.7741681267233,5.170880149392521,0.006381151148348983,0.07635690130786423,42.96977661637699,4
104448,1000000,5131,0.049124923406862746,0.24462890625,0.2384,5000,7598,0.07274433210784313,0.34765625,0,0.0,0.0,169.0482523685608,617.8590936999535,86.04594421386719,0.05104726180434227,1.571269154548645,0.0,3571,131038,-0.002254328135677497,991.7715406417847,5.1702636778354645,0.005258962694284719,0.05972947663394734,43.81678396463394,4
106496,1000000,5581,0.05240572415865385,0.2197265625,0.2358,5000,8292,0.07786207932692307,0.3388671875,0,0.0,0.0,169.69718309709194,627.5649250999559,80.60284423828125,0.05101926997303963,1.5541739463806152,0.0,3639,132390,-0.003461640920517418,883.3109166762408,5.16841447353363,0.006365020635578677,0.07729762844631777,42.6771514415741,4
108544,1000000,6095,0.05615234375,0.2509765625,0.2376,5000,9049,0.08336711379716981,0.36962890625,0,0.0,0.0,170.33533808034855,637.2371183999348,89.287353515625,0.049954261630773544,1.5449769496917725,0.0,3703,129736,-0.0013391983811743557,1020.5545682907104,5.166850559413433,0.00622660970105926,0.07541543210390955,47.965733245015144,4
110592,1000000,6619,0.05985062210648148,0.255859375,0.2508,5000,9808,0.08868634259259259,0.37060546875,0,0.0,0.0,170.90865084496247,647.0825171999168,89.7992172241211,0.050141591578722,1.5464298725128174,0.0,3767,129466,-0.0029867929169995477,1030.9498081207275,5.1638462617993355,0.00499909028516754,0.05603193520801142,53.64080296456814,4
112640,1000000,7154,0.06351207386363636,0.26123046875,0.258,5000,10593,0.09404296875,0.38330078125,0,0.0,0.0,171.4775071005394,656.8791551999748,90.07254028320312,0.04940877854824066,1.5602748394012451,0.0,3831,129243,-0.001942392884302535,1054.0810451507568,5.161300078034401,0.005026359795635926,0.05563788994913921,54.10197964310646,4
114688,1000000,7767,0.06772286551339286,0.29931640625,0.277,5000,11444,0.09978376116071429,0.41552734375,0,0.0,0.0,169.6345044964583,676.0888672999572,99.05433654785156,0.049317073076963425,1.552249789237976,0.0,3895,126754,-0.0009012804239318939,1202.9550743103027,5.161358036100864,0.006268974642125613,0.07723478115804028,59.93795159459114,4
116736,1000000,8359,0.07160601699561403,0.2890625,0.286,5000,12324,0.10557154605263158,0.4296875,0,0.0,0.0,170.18375766469256,685.9409005999332,98.11709594726562,0.047904860228300095,1.5225930213928223,0.0,3959,128061,-0.002241942911496153,1140.4663066864014,5.160505428910255,0.005815590084353062,0.06953401432838291,63.135647147893906,4
118784,1000000,9006,0.07581829202586207,0.31591796875,0.3034,5000,13245,0.11150491648706896,0.44970703125,0,0.0,0.0,170.81588521473705,695.3919996999903,104.27310180664062,0.04774203896522522,1.4985592365264893,0.0,4023,126115,-0.0021358733447414124,1253.9837112426758,5.158060558140278,0.004061360036246242,0.039591234031831846,66.30345967411995,4
120832,1000000,9631,0.07970570709745763,0.30517578125,0.3046,5000,14175,0.11731163930084745,0.4541015625,0,0.0,0.0,171.39558111057318,704.9890038999729,102.33875274658203,0.04745050147175789,1.4970753192901611,0.0,4087,126247,-0.0021814902993355645,1214.924404144287,5.15506935864687,0.00449036087543675,0.047159347974229604,65.28551104664803,4
122880,1000000,10309,0.08389485677083333,0.3310546875,0.3194,5000,15147,0.1232666015625,0.474609375,0,0.0,0.0,171.79782535294953,715.2593447999097,108.07367706298828,0.04667970910668373,1.4958693981170654,0.0,4151,125245,-0.0011250026909692679,1296.0249843597412,5.152453377842903,0.004415854834292077,0.04600432327424642,74.42810019850731,4
124928,1000000,11015,0.08817078637295082,0.3447265625,0.335,5000,16144,0.1292264344262295,0.48681640625,0,0.0,0.0,169.18777721463306,738.3984945999691,110.43266296386719,0.04716940224170685,1.5057121515274048,0.0,4215,124113,-0.0005747950963268522,1355.4423351287842,5.152046345174313,0.006924670546396783,0.08296659783809446,81.73510482907295,4
126976,1000000,11759,0.09260805191532258,0.36328125,0.3516,5000,17188,0.13536416330645162,0.509765625,0,0.0,0.0,169.67620918549264,748.3429798999568,115.24209594726562,0.04607323929667473,1.4999165534973145,0.0,4250,123040,-0.0035490448320550576,1450.9726353236606,5.15104831968035,0.006884779919346329,0.07759068086743355,97.04358237130302,3
129024,1000000,12399,0.09609840029761904,0.3125,0.3384,5000,18175,0.14086526537698413,0.48193359375,0,0.0,0.0,170.24573642537007,757.8691995999543,100.7165298461914,0.04719938710331917,1.5433423519134521,0.0,4314,124609,-0.0015985054160410073,1241.8831176757812,5.150538802146912,0.0057633911211496525,0.06833046255633235,78.66730237007141,4
131072,1000000,13109,0.10001373291015625,0.3466796875,0.3358,5000,19239,0.14678192138671875,0.51953125,0,0.0,0.0,170.81068153374022,767.3524794999976,109.13877868652344,0.04585939273238182,1.5264954566955566,0.0,4374,122379,-0.0031092152271109323,1382.7213134765625,5.149081468582153,0.0042745350819132,0.042562483623623845,98.39430522918701,4
133120,1000000,13872,0.10420673076923077,0.37255859375,0.349,5000,20314,0.15259915865384616,0.52490234375,0,0.0,0.0,171.33336178978988,776.9648515000008,115.80072021484375,0.045513879507780075,1.5226315259933472,0.0,4434,120557,-0.002705986126481245,1490.010518391927,5.148284896214803,0.0038561660677563243,0.03614141601137817,106.94152669906616,4
135168,1000000,14672,0.10854640151515152,0.390625,0.377,5000,21406,0.15836588541666666,0.533203125,0,0.0,0.0,169.79557864494922,796.0631311999168,119.84796905517578,0.04522419720888138,1.5300028324127197,0.0,4494,118631,-0.002604291506577283,1583.917413330078,5.146899588902791,0.0041130818660046016,0.04093120526522398,118.641961034139,4
137216,1000000,15465,0.11270551539179105,0.38720703125,0.3884,5000,22515,0.16408436333955223,0.54150390625,0,0.0,0.0,169.4670999125674,809.6910849999404,119.72992706298828,0.04481358453631401,1.5131688117980957,0.0,4554,120405,-0.0023882820193345347,1527.1731201171874,5.145521672566732,0.003888816803555528,0.03719162606478979,115.99173024495443,4
139264,1000000,16278,0.11688591452205882,0.39697265625,0.3902,5000,23680,0.17003676470588236,0.56884765625,0,0.0,0.0,169.66154877889937,820.8341901999665,122.40962219238281,0.044444914907217026,1.492300271987915,0.0,4614,118701,-0.002310588859836571,1587.314717610677,5.144421950976054,0.0043323651923553065,0.04509681817144155,126.41214167277018,4
141312,1000000,17156,0.12140511775362318,0.4287109375,0.412,5000,24875,0.17602892889492755,0.58349609375,0,0.0,0.0,170.07522655390346,830.8793870999943,130.21356201171875,0.04419528692960739,1.4860057830810547,0.0,4674,116969,-0.002790527798545857,1722.7526041666667,5.143028362592061,0.004113379886560627,0.04085639578600724,133.16778710683187,4
143360,1000000,17985,0.12545340401785715,0.40478515625,0.4096,5000,26060,0.18178013392857142,0.57861328125,0,0.0,0.0,169.66973611769487,844.935598299955,124.89803314208984,0.044667426496744156,1.465696930885315,0.0,4734,118267,-0.0020465028394634523,1598.3375671386718,5.141894912719726,0.003975170692895821,0.038775023678317665,140.26288210550945,4
145408,1000000,18868,0.12975902288732394,0.43115234375,0.4208,5000,27295,0.187713193221831,0.60302734375,0,0.0,0.0,168.08281025310384,865.0973872999894,130.66319274902344,0.044036075472831726,1.4583349227905273,0.0,4794,116486,-0.0021579311850170296,1711.4265116373697,5.14171777566274,0.004273265607601691,0.044066407298669216,163.11826655069987,4
147456,1000000,19777,0.1341213650173611,0.44384765625,0.4334,5000,28546,0.19358995225694445,0.61083984375,0,0.0,0.0,168.59832042431196,874.5994599999394,133.45310974121094,0.0440625362098217,1.4798108339309692,0.0,4854,115554,-0.002164143572251002,1767.8939392089844,5.140160997708638,0.004150406336793822,0.042079760526151706,158.56369323730468,4
149504,1000000,20702,0.13847121147260275,0.45166015625,0.4486,5000,29838,0.19957994434931506,0.630859375,0,0.0,0.0,169.1125250326817,884.0504271999234,136.3611297607422,0.04401930794119835,1.4538636207580566,0.0,4910,114436,-0.0019421050071416954,1807.3262394496371,5.1384152088846475,0.004759961013503146,0.05167073583496468,167.15138394492013,4
151552,1000000,21641,0.14279587204391891,0.45849609375,0.457,5000,31139,0.20546743032094594,0.63525390625,0,0.0,0.0,169.600142378544,893.5841554999352,138.13140869140625,0.04394325986504555,1.4502084255218506,0.0,4966,113182,-0.0027984254473787063,1852.2962515694753,5.1366995828492295,0.0040542346939673735,0.041098014351778796,161.0569998196193,4
153600,1000000,22644,0.147421875,0.48974609375,0.4712,5000,32464,0.21135416666666668,0.64697265625,0,0.0,0.0,170.10847833833063,902.9532301999861,145.23020935058594,0.04358755052089691,1.4365984201431274,0.0,5022,111532,-0.002353554533328861,1987.1680188860212,5.134411019938333,0.004461364234397739,0.04563356340596718,192.3576898574829,4
155648,1000000,23629,0.15181049547697367,0.48095703125,0.4784,5000,33811,0.21722733347039475,0.65771484375,0,0.0,0.0,168.87347581262463,921.6841143999482,143.9024658203125,0.04293859750032425,1.4256868362426758,0.0,5078,110633,-0.0025892552782482065,1988.2679181780134,5.132606131689889,0.0032745060266604143,0.026752304385549253,217.7667382104056,4
157696,1000000,24623,0.1561421976461039,0.4853515625,0.4854,5000,35162,0.22297331574675325,0.65966796875,0,0.0,0.0,169.36899995529492,931.0794775999384,144.3018341064453,0.04357877001166344,1.4300084114074707,0.0,5134,111782,-0.00203210736175866,1937.736570085798,5.131422357899802,0.003981556749165195,0.039770156070257405,201.10980442592074,4
159744,1000000,25694,0.1608448517628205,0.52294921875,0.5028,5000,36570,0.22892878605769232,0.6875,0,0.0,0.0,169.86567390134107,940.4136593999574,152.50006103515625,0.042251501232385635,1.4296964406967163,0.0,5190,109149,-0.001961251691682264,2120.221182686942,5.130014751638685,0.004248181162568341,0.04214880958066455,217.42076669420513,4
161792,1000000,26773,0.16547789754746836,0.52685546875,0.517,5000,37979,0.2347396657436709,0.68798828125,0,0.0,0.0,170.28159757388943,950.1437754000071,153.31683349609375,0.04232487827539444,1.4417567253112793,0.0,5246,107526,-0.003484360168970722,2170.7136906215123,5.128740608692169,0.003826445204237773,0.03634179237165621,219.6960735321045,4
163840,1000000,27914,0.17037353515625,0.55712890625,0.5426,5000,39439,0.240716552734375,0.712890625,0,0.0,0.0,170.7093401429704,959.7600216999417,160.66748046875,0.04247575253248215,1.4165067672729492,0.0,5298,105504,-0.00023179738827121374,2308.6612548828125,5.127799345896794,0.006041554630463417,0.07106355592035331,247.9481818859394,4
165888,1000000,29018,0.17492525077160495,0.5390625,0.545,5000,40867,0.24635296103395063,0.697265625,0,0.0,0.0,169.4650137041308,978.8923174999654,156.01205444335938,0.04309163615107536,1.4386320114135742,0.0,5354,107064,-0.003343662234588659,2203.3873552594864,5.1269815138408115,0.004701937087832318,0.04931002020436738,264.35678318568637,4
167936,1000000,30155,0.17956245236280488,0.55517578125,0.5472,5000,42344,0.2521436737804878,0.72119140625,0,0.0,0.0,169.89381877000977,988.4762212999631,159.85037231445312,0.04141603782773018,1.4355840682983398,0.0,5406,104841,-0.001025543346678695,2303.746539776142,5.125425898111784,0.004824638883746957,0.05076853123206932,255.39992772615875,4
169984,1000000,31289,0.18407026543674698,0.5537109375,0.5538,5000,43813,0.25774778802710846,0.71728515625,0,0.0,0.0,170.32199594472354,998.0155472999904,159.09390258789062,0.04185108840465546,1.4441460371017456,0.0,5458,106336,-0.0014931946486915247,2238.051485501803,5.123797086568979,0.003415802175473241,0.03002502273123425,312.98901910048266,4
172032,1000000,32449,0.18862188430059523,0.56640625,0.5596,5000,45315,0.26341029575892855,0.7333984375,0,0.0,0.0,170.72546173802598,1007.6528611999238,161.95635986328125,0.04167712852358818,1.448263168334961,0.0,5510,104523,-0.0018864894339528223,2329.860107421875,5.122573100603544,0.0037443150171594217,0.03557444016377513,304.04997972341687,4
174080,1000000,33605,0.19304342830882354,0.564453125,0.5638,5000,46816,0.26893382352941175,0.73291015625,0,0.0,0.0,171.11913792834167,1017.3029276999878,162.0458221435547,0.04118220880627632,1.4374783039093018,0.0,5562,104427,-0.001971443595651251,2307.645010141226,5.121200277255132,0.0040641326182734566,0.03983260769970142,314.9084347944993,4
176128,1000000,34775,0.19744163335755813,0.5712890625,0.5638,5000,48329,0.27439702943313954,0.73876953125,0,0.0,0.0,169.22627497528808,1040.7840036998969,163.41763305664062,0.0420481376349926,1.4535446166992188,0.0,5614,103993,-0.002731275337282568,2324.5648803710938,5.1203581278140735,0.0032464631890784055,0.026287143763441306,321.4547581305871,4
178176,1000000,35998,0.2020361889367816,0.59716796875,0.5822,5000,49855,0.2798076059626437,0.7451171875,0,0.0,0.0,169.62237921025545,1050.4274307999294,169.1609649658203,0.04164624586701393,1.4459309577941895,0.0,5666,102300,-0.0013674082695685613,2453.802048903245,5.119628135974591,0.0032802296803381,0.029850714786264762,395.58139712993915,4
