pass,candidate,log10_EI,log10_Cb,EI,Cb,objective,invalid,fig8_001_loss,fig8_002_loss,fig8vertical_001_loss,osc_001_loss,osc_002_loss
3,0,-4.707048226383747,-2.8239087409443187,1.963142266907124e-05,0.0015000000000000005,9.54729039222002e-05,False,5.830102600157261e-05,0.00022200442617759109,5.82212014705874e-05,8.001931564649567e-05,5.8818543038796633e-05
3,1,-4.707048226383747,-2.7350886895542907,1.963142266907124e-05,0.0018403961261435984,9.168169344775379e-05,False,5.860416422365233e-05,0.00019813400285784155,5.8461082517169416e-05,8.393466123379767e-05,5.927457823418081e-05
3,2,-4.707048226383747,-2.646268638164263,1.963142266907124e-05,0.0022580386007495755,8.289262041216716e-05,False,5.8467612689128146e-05,0.0001560704840812832,5.72378994547762e-05,8.513699867762625e-05,5.755009260610677e-05
3,3,-4.707048226383747,-2.5574485867742354,1.963142266907124e-05,0.0027704569956681496,8.51322547532618e-05,False,5.8503239415585995e-05,0.00015971616085153073,5.782725565950386e-05,9.070138185052201e-05,5.8913232351187617e-05
3,4,-4.707048226383747,-2.4686285353842075,1.963142266907124e-05,0.003399158881650062,8.114316733554006e-05,False,5.839736695634201e-05,0.00013786689669359475,5.9542748203966767e-05,9.149454854195938e-05,5.841428355779499e-05
3,5,-4.707048226383747,-2.3798084839941795,1.963142266907124e-05,0.004170532558623586,0.0001129161028075032,False,5.834133844473399e-05,0.0002800661895889789,6.0863363614771515e-05,0.00010618769738357514,5.9121910453541204e-05
3,6,-4.707048226383747,-2.2909884326041516,1.963142266907124e-05,0.005116954643231064,0.00010840150207513943,False,6.334739009616897e-05,0.0001923882809933275,6.518236477859318e-05,0.00016027934907469898,6.081009632907808e-05
3,7,-4.707048226383747,-2.2021683812141237,1.963142266907124e-05,0.0062781490020366315,0.00010970644507324323,False,6.544208736158907e-05,0.00016908823454286903,7.150073361117393e-05,0.00017719635798130184,6.530484097311273e-05
3,8,-4.539035189375792,-2.8239087409443187,2.8904456700879432e-05,0.0015000000000000005,9.410084021510556e-05,False,5.884844722459093e-05,0.0002134224632754922,5.8239475038135424e-05,8.06143507361412e-05,5.93794793530833e-05
3,9,-4.539035189375792,-2.7350886895542907,2.8904456700879432e-05,0.0018403961261435984,9.167275129584596e-05,False,5.871456960448995e-05,0.0001995503407670185,5.788484122604132e-05,8.369862916879356e-05,5.851537571288645e-05
3,10,-4.539035189375792,-2.646268638164263,2.8904456700879432e-05,0.0022580386007495755,8.29517375677824e-05,False,5.8059169532498345e-05,0.0001553551119286567,5.848506771144457e-05,8.495121437590569e-05,5.790809154859744e-05
3,11,-4.539035189375792,-2.5574485867742354,2.8904456700879432e-05,0.0027704569956681496,8.167125633917749e-05,False,5.908985258429311e-05,0.0001435167359886691,5.9307869378244504e-05,8.7776716100052e-05,5.866511128260754e-05
3,12,-4.539035189375792,-2.4686285353842075,2.8904456700879432e-05,0.003399158881650062,8.313939906656742e-05,False,5.8521891332929954e-05,0.0001517002092441544,5.77932623855304e-05,8.876706851879135e-05,5.891458204132505e-05
3,13,-4.539035189375792,-2.3798084839941795,2.8904456700879432e-05,0.004170532558623586,8.92950120032765e-05,False,5.868603693670593e-05,0.00016154296463355422,6.007526826579124e-05,0.00010684093285817653,5.932986459811218e-05
3,14,-4.539035189375792,-2.2909884326041516,2.8904456700879432e-05,0.005116954643231064,0.00010715597454691306,False,5.8953199186362326e-05,0.00020801533537451178,7.20166863175109e-05,0.0001368182129226625,5.997642801958136e-05
3,15,-4.539035189375792,-2.2021683812141237,2.8904456700879432e-05,0.0062781490020366315,0.00012784669524990022,False,6.164558726595715e-05,0.00027863081777468324,7.901908247731626e-05,0.00015777703083585948,6.216092879185453e-05
3,16,-4.371022152367837,-2.8239087409443187,4.255767048861253e-05,0.0015000000000000005,9.70854889601469e-05,False,5.883811172679998e-05,0.00022904171783011407,5.812376912217587e-05,8.046482980716974e-05,5.895904905628413e-05
3,17,-4.371022152367837,-2.7350886895542907,4.255767048861253e-05,0.0018403961261435984,8.997684199130163e-05,False,5.84175213589333e-05,0.00019202240218874067,5.8062847529072315e-05,8.275549771497026e-05,5.862594480277039e-05
3,18,-4.371022152367837,-2.646268638164263,4.255767048861253e-05,0.0022580386007495755,8.719490142539144e-05,False,5.840009907842614e-05,0.00017235340783372521,5.899508323636837e-05,8.716196316527203e-05,5.9063953813165426e-05
3,19,-4.371022152367837,-2.5574485867742354,4.255767048861253e-05,0.0027704569956681496,8.243170304922387e-05,False,5.763155786553398e-05,0.0001500679791206494,5.797931953566149e-05,8.821804658509791e-05,5.826164488098584e-05
3,20,-4.371022152367837,-2.4686285353842075,4.255767048861253e-05,0.003399158881650062,8.517309470335022e-05,False,5.8382804127177224e-05,0.00014710937102790922,5.9788075304822996e-05,0.00010199951066169888,5.8585672377375886e-05
3,21,-4.371022152367837,-2.3798084839941795,4.255767048861253e-05,0.004170532558623586,9.538499580230564e-05,False,5.890239117434248e-05,0.0001903473457787186,6.336364458547905e-05,0.00010587236465653405,5.8439207350602373e-05
3,22,-4.371022152367837,-2.2909884326041516,4.255767048861253e-05,0.005116954643231064,0.00011885875574080274,False,5.916846203035675e-05,0.0002721711352933198,6.738251977367327e-05,0.00013524478708859533,6.032683450030163e-05
3,23,-4.371022152367837,-2.2021683812141237,4.255767048861253e-05,0.0062781490020366315,0.00014349039702210575,False,6.374763324856758e-05,0.0002862683613784611,8.885255374480039e-05,0.00019318047270644456,8.540297130821273e-05
3,24,-4.203009115359883,-2.8239087409443187,6.266007128797605e-05,0.0015000000000000005,9.513820259599015e-05,False,5.840563972014934e-05,0.00021821513655595481,5.793841046397574e-05,8.17407708382234e-05,5.9391051763668656e-05
3,25,-4.203009115359883,-2.7350886895542907,6.266007128797605e-05,0.0018403961261435984,9.079506708076224e-05,False,5.8493493270361796e-05,0.00019687942403834313,5.804738975712098e-05,8.222766336984932e-05,5.8327361330157146e-05
3,26,-4.203009115359883,-2.646268638164263,6.266007128797605e-05,0.0022580386007495755,8.701736805960536e-05,False,5.800789949717e-05,0.00017524340364616364,5.8574514696374536e-05,8.508736937073991e-05,5.817364217364229e-05
3,27,-4.203009115359883,-2.5574485867742354,6.266007128797605e-05,0.0027704569956681496,8.216655987780541e-05,False,5.828123175888322e-05,0.00014526686572935432,5.700912879547104e-05,9.19559970498085e-05,5.831955422763713e-05
3,28,-4.203009115359883,-2.4686285353842075,6.266007128797605e-05,0.003399158881650062,8.493731002090499e-05,False,5.86480091442354e-05,0.0001610784966032952,5.729062468162738e-05,8.950622577685863e-05,5.816317207063548e-05
3,29,-4.203009115359883,-2.3798084839941795,6.266007128797605e-05,0.004170532558623586,0.00010018869215855375,False,5.830523878103122e-05,0.0001685148454271257,6.655905599473044e-05,0.0001475210883654654,6.004322858643718e-05
3,30,-4.203009115359883,-2.2909884326041516,6.266007128797605e-05,0.005116954643231064,0.00011092424392700195,False,5.7786284742178395e-05,0.00021349452435970306,7.041912613203749e-05,0.00015461552538909018,5.8305773563915864e-05
3,31,-4.203009115359883,-2.2021683812141237,6.266007128797605e-05,0.0062781490020366315,0.0001220914418809116,False,6.168936670292169e-05,0.00015307935245800763,8.35302344057709e-05,0.00023190604406408966,8.025221904972568e-05
3,32,-4.034996078351928,-2.8239087409443187,9.225797579462985e-05,0.0015000000000000005,9.610241249902174e-05,False,5.858359145349823e-05,0.0002223253541160375,5.7680732425069436e-05,8.290445111924782e-05,5.90179261052981e-05
3,33,-4.034996078351928,-2.7350886895542907,9.225797579462985e-05,0.0018403961261435984,9.046386549016461e-05,False,5.808495916426182e-05,0.00019452896958682686,5.806522676721215e-05,8.317833271576092e-05,5.8461835578782484e-05
3,34,-4.034996078351928,-2.646268638164263,9.225797579462985e-05,0.0022580386007495755,8.470270404359326e-05,False,5.841881284140982e-05,0.00016229148604907095,5.794708340545185e-05,8.718268509255722e-05,5.7673452829476446e-05
3,35,-4.034996078351928,-2.5574485867742354,9.225797579462985e-05,0.0027704569956681496,8.062492270255461e-05,False,5.831440648762509e-05,0.00014259394083637744,5.7681823818711564e-05,8.518226240994409e-05,5.9352176322136074e-05
3,36,-4.034996078351928,-2.4686285353842075,9.225797579462985e-05,0.003399158881650062,8.328822150360793e-05,False,5.846283966093324e-05,0.0001487874542362988,5.8871057262877e-05,9.211889118887484e-05,5.8200857893098146e-05
3,37,-4.034996078351928,-2.3798084839941795,9.225797579462985e-05,0.004170532558623586,9.098570444621146e-05,False,5.824334948556498e-05,0.00016971040167845786,6.205663521541283e-05,0.0001073126622941345,5.760546264355071e-05
3,38,-4.034996078351928,-2.2909884326041516,9.225797579462985e-05,0.005116954643231064,0.00011739733599824831,False,6.12546646152623e-05,0.0002650781243573874,6.895952537888661e-05,0.00013133777247276157,6.0356600442901254e-05
3,39,-4.034996078351928,-2.2021683812141237,9.225797579462985e-05,0.0062781490020366315,0.00013758346904069185,False,6.617303006350994e-05,0.00021853578800801188,8.598179556429386e-05,0.00019749844796024263,0.00011972833453910425
3,40,-3.8669830413439734,-2.8239087409443187,0.00013583664880629958,0.0015000000000000005,9.670562576502562e-05,False,5.878105730516836e-05,0.00022584394901059568,5.78577964915894e-05,8.286607771879062e-05,5.817923374706879e-05
3,41,-3.8669830413439734,-2.7350886895542907,0.00013583664880629958,0.0018403961261435984,8.596070983912796e-05,False,5.8185411035083234e-05,0.00017308689712081105,5.757012331741862e-05,8.278148743556812e-05,5.817963392473757e-05
3,42,-3.8669830413439734,-2.646268638164263,0.00013583664880629958,0.0022580386007495755,8.349611744051799e-05,False,5.784438690170646e-05,0.00015450417413376272,5.907885133638047e-05,8.768557745497674e-05,5.836757554789074e-05
3,43,-3.8669830413439734,-2.5574485867742354,0.00013583664880629958,0.0027704569956681496,8.361067739315331e-05,False,5.857142969034612e-05,0.00015194359002634883,5.823318861075677e-05,9.096419671550393e-05,5.834100011270493e-05
3,44,-3.8669830413439734,-2.4686285353842075,0.00013583664880629958,0.003399158881650062,8.392571908188984e-05,False,5.815638724016026e-05,0.00014106748858466744,5.810294169350527e-05,0.00010403552005300298,5.8266279665986076e-05
3,45,-3.8669830413439734,-2.3798084839941795,0.00013583664880629958,0.004170532558623586,9.344824502477422e-05,False,5.813343886984512e-05,0.00018430034106131643,6.370394112309441e-05,0.00010114464384969324,5.9958863857900724e-05
3,46,-3.8669830413439734,-2.2909884326041516,0.00013583664880629958,0.005116954643231064,0.00011158426059409976,False,6.1899030697532e-05,0.00025838817236945033,6.474184192484245e-05,0.0001092082675313577,6.368396861944348e-05
3,47,-3.8669830413439734,-2.2021683812141237,0.00013583664880629958,0.0062781490020366315,0.00011686990183079615,False,7.190882752183825e-05,0.00021607076632790267,6.751777254976332e-05,0.00015823643479961902,7.061567157506943e-05
3,48,-3.6989700043360187,-2.8239087409443187,0.00020000000000000004,0.0015000000000000005,9.186621173284948e-05,False,5.879098171135411e-05,0.00020026092533953488,5.788667476736009e-05,8.445746061624959e-05,5.793500895379111e-05
3,49,-3.6989700043360187,-2.7350886895542907,0.00020000000000000004,0.0018403961261435984,8.823380630929023e-05,False,5.815385520691052e-05,0.00018329946033190936,5.767446054960601e-05,8.476179209537804e-05,5.7279459724668413e-05
3,50,-3.6989700043360187,-2.646268638164263,0.00020000000000000004,0.0022580386007495755,8.524853910785168e-05,False,5.800994404125959e-05,0.0001634811342228204,5.771156429545954e-05,8.79517465364188e-05,5.90883064433001e-05
3,51,-3.6989700043360187,-2.5574485867742354,0.00020000000000000004,0.0027704569956681496,8.076390804490075e-05,False,5.773314478574321e-05,0.00013965695688966662,5.78889375901781e-05,8.979972335509956e-05,5.874074486200698e-05
3,52,-3.6989700043360187,-2.4686285353842075,0.00020000000000000004,0.003399158881650062,8.728290413273498e-05,False,5.781299478258006e-05,0.00016542841331101954,5.9327925555408e-05,9.548802336212248e-05,5.835711635882035e-05
3,53,-3.6989700043360187,-2.3798084839941795,0.00020000000000000004,0.004170532558623586,9.84663056442514e-05,False,5.811534356325865e-05,0.00018566558719612658,5.8084486227016896e-05,0.0001308058708673343,5.966019307379611e-05
3,54,-3.6989700043360187,-2.2909884326041516,0.00020000000000000004,0.005116954643231064,0.00010532602027524263,False,6.420003774110228e-05,0.00020149772171862423,6.307201692834496e-05,0.00013563981337938458,6.222049705684185e-05
3,55,-3.6989700043360187,-2.2021683812141237,0.00020000000000000004,0.0062781490020366315,0.00014219745935406536,False,6.64571052766405e-05,0.00028936771559529006,7.908754923846573e-05,0.0001701488217804581,0.00010592609760351479
3,56,-3.530956967328064,-2.8239087409443187,0.00029447134003606954,0.0015000000000000005,9.466024494031444e-05,False,5.907121521886438e-05,0.0002119097043760121,5.856889038113877e-05,8.535873348591849e-05,5.839267396368086e-05
3,57,-3.530956967328064,-2.7350886895542907,0.00029447134003606954,0.0018403961261435984,9.30161913856864e-05,False,5.862637044629082e-05,0.00020314943685662001,5.834590410813689e-05,8.744494698476046e-05,5.751430580858141e-05
3,58,-3.530956967328064,-2.646268638164263,0.00029447134003606954,0.0022580386007495755,8.406751294387504e-05,False,5.899103780393489e-05,0.0001538070064270869,5.8177192840958014e-05,9.132944978773594e-05,5.803285603178665e-05
3,59,-3.530956967328064,-2.5574485867742354,0.00029447134003606954,0.0027704569956681496,8.37941697682254e-05,False,5.8567984524415806e-05,0.0001457759935874492,5.906381556997076e-05,9.703554678708315e-05,5.852754111401737e-05
3,60,-3.530956967328064,-2.4686285353842075,0.00029447134003606954,0.003399158881650062,8.3901897596661e-05,False,5.762829096056521e-05,0.00015100379823707044,5.733076250180602e-05,9.397348912898451e-05,5.957312532700598e-05
3,61,-3.530956967328064,-2.3798084839941795,0.00029447134003606954,0.004170532558623586,9.847928595263511e-05,False,5.7914563512895256e-05,0.0001893343433039263,5.946924284216948e-05,0.00012779269309248775,5.788552880403586e-05
3,62,-3.530956967328064,-2.2909884326041516,0.00029447134003606954,0.005116954643231064,0.00010019396722782403,False,5.8058820286532864e-05,0.0001833542628446594,6.045217014616355e-05,0.0001383150229230523,6.078951264498755e-05
3,63,-3.530956967328064,-2.2021683812141237,0.00029447134003606954,0.0062781490020366315,0.0001457974431104958,False,6.263016985030845e-05,0.0003161350323352963,7.774459663778543e-05,0.00018555087444838136,8.692652045283467e-05
